AF,AF_TWINSUK,AF_ALSPAC,Variant38
0.000132,0.0,0.000259,10_100972951_C/T
0.000132,0.0,0.000259,11_102616955_C/T
0.000132,0.0,0.000259,11_119085063_G/A
0.000132,0.0,0.000259,11_47352636_C/T
0.000264,0.000539,0.0,12_101761668_A/G
0.000132,0.0,0.000259,12_112453348_C/T
0.000397,0.00027,0.000519,12_5976156_G/A
0.000132,0.00027,0.0,16_2288141_G/A
0.000132,0.0,0.000259,16_88719622_G/A
0.000397,0.000809,0.0,17_40820589_G/A
0.000132,0.0,0.000259,17_7194480_G/A
0.000132,0.00027,0.0,19_35730098_G/A
0.000132,0.00027,0.0,19_54143150_C/T
0.000132,0.0,0.000259,1_158612862_G/A
0.000132,0.00027,0.0,1_158653396_A/G
0.000132,0.0,0.000259,1_200842050_G/A
0.000264,0.00027,0.000259,1_212080704_G/A
0.000132,0.00027,0.0,1_94008265_G/A
0.000132,0.0,0.000259,21_43774679_C/T
0.000132,0.00027,0.0,2_165373329_C/A
0.000264,0.0,0.000519,2_219030197_G/A
0.000397,0.0,0.000778,2_32127004_G/A
0.000132,0.00027,0.0,2_69077458_C/T
0.000661,0.001348,0.0,3_193643046_T/G
0.000132,0.00027,0.0,3_41234291_A/G
0.000132,0.0,0.000259,3_48572139_C/T
0.000264,0.000539,0.0,3_9943478_G/A
0.000529,0.000539,0.000519,4_176193462_C/T
0.000132,0.00027,0.0,7_113918670_C/T
0.00119,0.000539,0.001816,7_141708968_G/A
0.000132,0.00027,0.0,7_44147661_G/A
0.000132,0.0,0.000259,8_60781008_G/A
0.000132,0.0,0.000259,10_43114541_C/T
0.000132,0.0,0.000259,15_42360114_G/A
0.000926,0.000809,0.001038,15_43403697_G/T
0.000529,0.0,0.001038,15_48534159_A/G
0.001058,0.000539,0.001557,19_1399793_C/T
0.000793,0.001079,0.000519,19_41410816_C/T
0.000397,0.0,0.000778,1_155295437_C/T
0.000132,0.0,0.000259,21_33582179_G/A
0.001058,0.001348,0.000778,2_151492117_T/C
0.000264,0.0,0.000519,2_47429940_A/G
0.000132,0.0,0.000259,3_48570639_C/T
0.000132,0.0,0.000259,3_48576249_C/T
0.000132,0.0,0.000259,5_126568296_C/G
0.000264,0.0,0.000519,5_126568296_C/T
0.000264,0.00027,0.000259,6_51903693_G/A
0.000529,0.000809,0.000259,7_117590404_C/T
0.000152,0.0,0.000346,X_101357510_G/A
0.000303,0.00027,0.000346,X_132097340_A/G
0.000152,0.00027,0.0,X_154534349_G/A
0.000152,0.0,0.000346,X_154953929_A/G
0.000303,0.00027,0.000346,X_22178305_C/T
0.000303,0.00027,0.000346,X_41534957_A/G
0.000152,0.00027,0.0,X_41559788_C/T
0.000132,0.0,0.000259,11_121589389_C/T
0.000264,0.0,0.000519,14_94382686_G/A
0.000264,0.00027,0.000259,16_3243195_C/A
0.000132,0.00027,0.0,17_28735371_G/A
0.000132,0.0,0.000259,1_115740767_G/A
0.000132,0.0,0.000259,1_94011383_C/T
0.000793,0.001348,0.000259,3_98264938_C/T
0.000132,0.00027,0.0,5_148097875_C/T
0.000264,0.000539,0.0,6_42057513_G/A
0.000793,0.00027,0.001297,7_142943328_G/A
0.000132,0.00027,0.0,9_34485240_G/A
0.00091,0.000809,0.001038,X_21743750_C/T
