variant38,bonobos_af,gorilla_af,pan_troglodytes_af,pongo_pygmaeus_af,pongo_abelii_af
10_116567792_G/A,,0.683,,,
10_71785094_T/C,,0.839,,,
10_79306283_G/A,0.029,,,,
11_117191957_C/T,,,,1.0,1.0
11_121128335_G/A,,0.194,,,
11_121589362_C/T,,,,,0.1
11_68047712_C/T,,1.0,,,
11_74093854_G/A,,,,0.8,0.7
12_102843657_C/T,,,,,0.5
12_5971698_G/A,,,,1.0,1.0
12_5983157_G/A,,0.183,,,
12_6023707_G/A,,,0.188,,
12_6062972_G/A,,,,,0.1
14_50915350_G/A,,,0.28,,
14_95535317_C/T,,,0.094,,
15_40621755_A/G,0.9855,1.0,1.0,0.7,
15_40774368_G/A,,0.113,,,
15_89260838_C/T,0.029,,0.02,,
15_92927309_G/A,,,,1.0,1.0
16_2288141_G/A,,1.0,1.0,0.25,
16_74719003_G/A,,1.0,0.02,,
17_3481792_C/T,0.9565,0.177,1.0,1.0,1.0
17_42910994_C/T,0.058,,0.04,,
17_80113021_C/T,,1.0,,,
18_57554305_C/T,0.1594,,,,
19_11102773_C/T,0.029,,0.02,,
19_11120509_G/A,,,1.0,,
19_41410810_C/T,,0.033,,,
1_109236443_G/A,,,,1.0,1.0
1_156136102_T/C,,,,1.0,1.0
1_168291265_C/T,,,1.0,,
1_203503579_C/T,,0.048,,,
1_209790844_G/A,,0.081,,,
1_212080704_G/A,0.2029,,0.04,,
1_222628597_C/T,0.0435,,0.02,,
1_62528157_C/T,,,,,0.1
1_9262297_C/T,,,,1.0,1.0
1_94011365_G/A,0.0435,,,0.3,
1_94031781_C/T,,,,1.0,1.0
21_42485798_C/T,0.9855,,1.0,,
22_19496002_C/T,0.029,,,,
22_37086356_C/T,,0.054,,,
22_38132960_C/T,,,0.02,1.0,1.0
22_50627181_C/T,,1.0,1.0,,
2_11765688_C/T,0.029,,,1.0,1.0
2_1540717_G/A,,0.532,,,0.1
2_188998691_C/T,,0.016,,,
2_224503049_C/T,0.058,,0.08,,
2_224503706_G/A,,,,0.2,
2_224503820_T/C,0.5507,,0.542,,
2_237361748_G/A,,,0.52,,
2_71520901_G/T,,,,,0.1
2_86252011_G/A,,,,1.0,1.0
3_160285834_C/T,0.1594,,0.12,,
3_193638026_A/G,0.9855,1.0,1.0,1.0,1.0
3_193648125_A/G,,0.016,,,
3_38603721_C/T,,,,1.0,1.0
3_41234291_A/G,0.0435,,,,
3_48576255_A/G,,1.0,,1.0,1.0
5_126595043_C/T,,,0.021,,
5_177607326_C/T,,,,,0.0
5_179616202_G/A,,0.016,,,
6_44306521_A/G,,,,0.1,
6_52071013_G/A,,1.0,1.0,1.0,1.0
6_98899282_G/T,0.029,,,,
7_107712595_G/A,0.029,,,,
7_151181305_G/A,,1.0,,,
7_44078791_C/T,,0.2,0.02,,
7_66633425_C/A,,1.0,,,
8_10608938_A/G,,,,,1.0
8_37753517_C/T,,,,1.0,1.0
10_116597853_C/T,,,,1.0,1.0
11_22257703_A/G,,0.032,,,
13_113118759_G/A,,,0.04,,
1_45331809_C/T,0.0435,,,,
20_44418499_C/T,,0.242,,,
7_113878248_C/T,,,,0.0,
9_124483003_A/G,,,,,0.0
9_134815611_C/T,0.9565,,1.0,,
9_136370327_C/T,,1.0,,,
9_34658614_G/A,,0.767,,,
9_95477562_G/A,,,0.26,,
X_153870835_T/G,,,,1.0,1.0
X_154362267_G/A,,,,1.0,1.0
X_154957140_C/A,,,,1.0,1.0
X_22077543_C/T,,0.5,,,
X_22077618_G/A,,,0.02,,
X_67723757_G/A,,,0.04,,
10_43114490_C/T,,,0.02,,
3_98264938_C/T,0.9565,,,,
5_149907345_G/A,,,,1.0,1.0
