COSMIC_MUTATION_ID,SAMPLE_COUNT,TIER,COSMIC_SOURCE,Variant38
COSV52968905,1,,,10_100972951_C/T
COSV65041538,1,,,10_116567792_G/A
COSV100393243,1,1.0,,10_43118386_G/T
COSV54060410,1,,,11_117191957_C/T
COSV105125433,1,,,11_119092514_G/A
COSV99880639,1,,,11_121109300_C/T
COSV99881486,1,,,11_121165304_G/A
COSV99496031,1,,,11_121589362_C/T
COSV104563607,1,,,11_47343536_C/T
COSV56168204,1,,,11_56094067_C/T
COSV100295423,2,,,11_67611554_C/T
COSV99693471,1,,,11_68047712_C/T
COSV55254803,1,,,11_78478603_G/A
COSV61016329,3,,,12_102843657_C/T
COSV100188388,1,,,12_102894895_G/A
COSV57170465,1,,,12_109574885_C/T
COSV61010462,1,1.0,,12_112453348_C/T
COSV56566389,1,1.0,,12_120999377_G/A
COSV55588748,2,1.0,,12_25245349_A/C
COSV56476034,1,1.0,,12_49022058_G/A
COSV54619570,1,,,12_5976156_G/A
COSV54615654,1,,,12_5983157_G/A
COSV107374466,1,,,12_89525196_G/A
COSV60646462,2,,,13_113117541_C/T
COSV100660972,1,,,13_113122885_C/T
COSV57309844,1,1.0,,13_48380237_T/C
COSV53584186,3,,,14_50915350_G/A
COSV61495422,2,,,14_92071008_C/T
COSV56632551,1,,,15_31060568_G/T
COSV55024498,1,,,15_40774368_G/A
COSV99782767,1,,,15_42410620_C/A
COSV55852080,2,,,15_43604111_C/T
COSV105072573,1,,,15_44573554_C/T
COSV99173649,1,,,15_72346546_C/T
COSV99173831,1,,,15_72353074_G/A
COSV104558358,1,,,15_80172241_C/T
COSV51520403,1,2.0,,15_89317488_G/A
COSV59120178,4,,,15_92927309_G/A
COSV100794067,1,,,16_1518240_G/A
COSV54221648,1,,,16_30089129_C/T
COSV54825745,2,,,16_3243195_C/T
COSV55913375,2,,,16_3658832_G/A
COSV55325186,3,,,16_56519752_C/A
COSV59241914,1,,,16_87902467_G/A
COSV62223480,1,1.0,,17_31201156_T/C
COSV62193619,3,1.0,,17_31235652_G/A
COSV50442048,1,,,17_3656789_G/A
COSV99274535,1,,,17_44349545_C/T
COSV105338733,1,,,17_44879559_C/T
COSV52591796,1,,,17_4937854_G/A
COSV56248154,1,,,17_50169230_C/T
COSV53210674,1,1.0,,17_7673541_G/T
COSV105914368,1,,,17_82929497_G/A
COSV52542298,1,,,18_23921048_C/T
COSV100190847,1,,,18_46521136_G/A
COSV61906632,2,,,18_55261481_C/T
COSV50490749,4,,,18_57554305_C/T
COSV55341607,1,,,18_70109684_C/T
COSV52946064,1,,,19_11102773_C/T
COSV52942899,1,,,19_11105437_G/A
COSV52945902,1,,,19_11105575_G/A
COSV52945676,2,,,19_11120509_G/A
COSV106432648,2,1.0,,19_1223105_G/T
COSV105013478,1,,,19_12806736_C/T
COSV101512985,1,1.0,,19_17837151_G/A
COSV55498218,2,,,19_38916085_G/T
COSV55363410,4,1.0,,19_54143150_C/T
COSV100253693,1,,,19_7125313_C/T
COSV105170974,1,,,1_11793916_G/A
COSV61360846,1,,,1_155293540_G/A
COSV61360614,1,,,1_155295491_C/A
COSV63196651,2,,,1_168291265_C/T
COSV62929070,2,,,1_173909586_G/A
COSV100876172,1,,,1_21575902_C/T
COSV60511728,2,,,1_222628597_C/T
COSV100812776,2,,,1_228174989_C/T
COSV59641983,2,,,1_231241447_C/T
COSV52020728,2,,,1_62528157_C/T
COSV107343224,1,,,1_75749493_T/C
COSV64673716,2,,,1_94031781_C/T
COSV100933122,1,,,1_94077708_C/A
COSV61008091,2,,,20_33757339_G/A
COSV99671062,1,1.0,,20_58891837_C/T
COSV54244647,6,,,22_19496002_C/T
COSV53351474,1,,,22_50627181_C/T
COSV104554997,1,,,2_151551744_C/T
COSV57665176,3,,,2_166052868_C/T
COSV55599676,1,,,2_168996721_A/G
COSV53682278,1,,,2_174753606_G/A
COSV59969592,1,,,2_178542268_G/A
COSV60296537,1,,,2_178578630_A/G
COSV58582165,1,2.0,,2_188998691_C/T
COSV100880568,1,,,2_189062868_C/T
COSV101221133,1,,,2_1917239_G/A
COSV51886886,2,,,2_201754586_C/T
COSV55391441,1,,,2_219030197_G/A
COSV52363491,1,2.0,,2_224503049_C/T
COSV99390550,1,,,2_229818460_T/C
COSV55085636,2,,,2_237361748_G/A
COSV100188205,1,,,2_32127004_G/A
COSV100160358,1,,,2_3478927_C/T
COSV99250703,1,,,2_71515745_C/T
COSV51256096,6,,,2_86252011_G/A
COSV99380943,1,,,3_120644337_C/T
COSV58448594,2,,,3_160285834_C/T
COSV104653502,1,,,3_48576424_C/T
COSV100096064,1,,,3_48589636_G/A
COSV55843661,3,,,3_57198855_C/T
COSV56961176,1,,,4_102579011_C/T
COSV68629714,1,,,5_126568278_C/G
COSV60353501,1,,,5_150391600_C/T
COSV56103708,2,1.0,,5_180630234_C/T
COSV99240833,1,,,5_37017099_G/A
COSV104570348,2,,,5_42718103_C/T
COSV60930537,3,,,5_88804604_G/A
COSV51278753,1,,,6_49457700_A/G
COSV99706396,1,,,7_107712595_G/A
COSV99491663,1,,,7_113918670_C/T
COSV50052138,1,,,7_117542096_C/T
COSV50077065,1,,,7_117603553_G/A
COSV99134694,1,,,7_117627647_G/A
COSV105268152,1,1.0,,7_124870914_C/T
COSV58374437,1,,,7_143321839_G/A
COSV51163212,1,,,7_150950924_G/A
COSV51997354,1,,,7_151181305_G/A
COSV61394945,1,,,7_2540994_G/A
COSV60786968,3,,,7_44149987_G/A
COSV61754030,1,,,7_44153326_G/A
COSV51851023,2,,,7_45063935_G/A
COSV99798646,1,,,7_94428366_C/T
COSV55705350,2,,,7_96170078_G/A
COSV66760234,2,,,8_10612481_G/A
COSV52825624,1,,,8_142876250_G/A
COSV52420322,1,,,8_37753517_C/T
COSV62613029,3,,,10_116597853_C/T
COSV60698912,3,1.0,,10_43114541_C/T
COSV57396151,3,,,10_54346365_C/T
COSV56484735,1,,,10_71785100_G/A
COSV56187659,1,,,11_108143993_C/T
COSV105124830,1,1.0,,11_108281168_G/A
COSV54059682,1,,,11_117192014_G/C
COSV99881675,2,,,11_121109339_C/T
COSV56851988,2,,,11_17393697_C/T
COSV50018915,1,,,11_17498165_G/A
COSV59153236,2,1.0,,11_44130138_G/A
COSV56880220,5,,,11_56137533_G/A
COSV53644320,1,1.0,,11_64807891_C/A
COSV59149528,3,,,11_66523882_G/A
COSV68685312,2,,,11_77162144_C/T
COSV61018686,1,,,12_102843651_T/C
COSV50728278,3,,,12_32796114_G/A
COSV54612702,1,,,12_5971683_G/A
COSV58268670,1,,,12_82965744_G/A
COSV105861699,1,,,13_101089846_C/T
COSV60647807,1,,,13_113113887_C/T
COSV60644869,1,,,13_113118759_G/A
COSV99061599,1,1.0,,13_32379913_G/A
COSV57315055,1,1.0,,13_48377034_G/A
COSV99666168,1,,,13_51944109_C/T
COSV55024758,1,,,15_40774356_C/T
COSV57318600,1,,,15_48437004_G/A
COSV51507879,1,,,15_72346552_G/A
COSV51432644,1,,,15_74339300_G/A
COSV99248594,1,,,16_1507051_G/A
COSV63699445,1,,,16_1518216_C/T
COSV105872617,1,1.0,,16_2053452_G/A
COSV57052813,2,,,16_2288147_G/A
COSV105253053,2,,,16_28894607_G/A
COSV55325754,1,,,16_56511159_C/G
COSV55733400,1,1.0,,16_68812263_G/A
COSV57046247,1,,,16_89694788_G/A
COSV99233080,1,,,17_18155225_G/A
COSV62192629,1,1.0,,17_31335031_G/A
COSV62193968,3,1.0,,17_31338139_G/A
COSV62193216,1,1.0,,17_31338805_G/A
COSV105125644,1,,,17_41769418_C/T
COSV107367345,1,1.0,,17_43090944_C/T
COSV101457669,1,,,17_47291088_G/A
COSV57236520,1,,,17_7203193_C/T
COSV99390444,1,,,17_75522251_G/A
COSV52681350,9,1.0,,17_7673535_C/T
COSV52530712,1,,,18_23921054_G/A
COSV61890267,2,,,18_55261466_C/T
COSV52941608,1,,,19_11105572_C/T
COSV58826093,1,1.0,,19_1223105_G/A
COSV53115225,1,,,19_17516280_G/A
COSV54332022,1,,,19_36083212_G/A
COSV62109305,1,,,19_38463527_G/A
COSV62115654,1,,,19_38467722_C/T
COSV62097239,3,,,19_38490249_C/T
COSV54197063,1,,,19_41410816_C/T
COSV50588441,2,1.0,,19_42287667_C/T
COSV53261953,1,,,19_49167922_C/T
COSV50217270,1,,,19_5039982_C/T
COSV107351074,1,,,19_54122591_C/A
COSV52319515,1,,,1_109236548_G/A
COSV57171735,1,,,1_11794385_C/T
COSV61362199,1,,,1_155295437_C/T
COSV61543650,1,1.0,,1_156135918_G/A
COSV100934908,1,,,1_158612817_C/T
COSV53407455,2,,,1_173828363_C/T
COSV52678336,1,,,1_200815644_G/A
COSV52660783,1,,,1_201365191_G/A
COSV65419832,2,,,1_209790634_G/A
COSV65356198,1,,,1_211673504_G/A
COSV56446070,2,,,1_215867143_G/A
COSV100812772,1,,,1_228175028_A/G
COSV63216650,1,,,1_248387947_C/T
COSV58344781,2,1.0,,1_45331809_C/T
COSV105292020,1,,,1_94005441_C/T
COSV55051830,1,,,21_13618402_G/A
COSV57742009,1,,,21_41237729_G/A
COSV54247366,1,,,22_19482818_C/T
COSV58520141,2,1.0,,22_29642285_G/A
COSV59560317,1,,,22_39381875_C/T
COSV99429403,1,,,2_151492117_T/C
COSV50807937,1,,,2_151494161_C/A
COSV57681130,3,,,2_166045043_C/T
COSV60197915,1,,,2_178759120_G/A
COSV58582634,1,2.0,,2_189010890_G/A
COSV99790999,1,,,2_215018008_C/T
COSV55410600,1,,,2_46950526_G/A
COSV51879749,2,1.0,,2_47429940_A/G
COSV52201770,1,,,3_120644340_G/A
COSV105243132,1,1.0,,3_128485949_G/A
COSV53906081,2,,,3_132671881_G/A
COSV60670118,1,,,3_23887699_G/A
COSV99770460,1,,,3_25737407_G/A
COSV107343412,1,1.0,,3_30688511_G/A
COSV51622998,1,1.0,,3_37008903_C/T
COSV51615064,1,1.0,,3_37017597_C/T
COSV51613969,2,1.0,,3_37042331_G/A
COSV100347734,1,,,3_38603712_C/T
COSV60402313,2,,,3_48576249_C/T
COSV105168186,1,1.0,,3_52407958_C/T
COSV107351814,2,,,3_58134772_G/A
COSV52945260,1,,,4_88131061_C/T
COSV57328914,1,1.0,,5_112827247_G/A
COSV57389054,1,1.0,,5_112835163_C/T
COSV99968964,1,1.0,,5_112837646_G/A
COSV56941092,1,,,5_37020877_G/A
COSV50126124,2,,,5_42711311_C/T
COSV54034895,1,,,5_75590368_G/A
COSV57808640,3,,,6_138912765_C/T
COSV51670462,1,1.0,,6_157203996_G/A
COSV61889985,2,,,6_51903693_G/A
COSV61887646,1,,,6_52071016_G/A
COSV63287242,4,,,6_73644407_C/T
COSV57571709,3,,,7_105062278_G/A
COSV57577402,1,,,7_105062278_G/T
COSV52880449,15,,,7_113878248_C/T
COSV50070370,1,,,7_117603553_G/T
COSV99134244,1,,,7_117666946_C/T
COSV50842459,1,1.0,,7_129209347_C/T
COSV106500508,1,,,7_143341996_G/A
COSV51995574,3,,,7_151181233_G/A
COSV105901662,1,,,8_93804878_G/A
COSV66398194,1,,,9_101429761_T/C
COSV56312518,1,,,9_105618092_G/A
COSV65295070,3,,,9_124493069_G/A
COSV61227588,2,,,9_127824324_G/A
COSV65672107,2,,,9_134732115_G/A
COSV65671787,2,,,9_134732127_G/A
COSV100261144,1,,,9_136370327_C/T
COSV58705214,3,1.0,,9_21971188_G/A
COSV99426469,1,,,9_34658614_G/A
COSV107422154,1,,,9_35807146_G/A
COSV64951697,2,,,9_36236890_C/T
COSV106104858,1,,,9_77356867_G/A
COSV62437333,1,,,9_77365573_G/A
COSV105164033,1,1.0,,X_101358404_C/T
COSV58118045,1,1.0,,X_101374536_C/T
COSV58276290,1,,,X_103786699_G/A
COSV60690900,1,,,X_120532422_C/T
COSV54425550,1,,,X_147928348_G/A
COSV100080729,1,,,X_150619115_C/T
COSV64743811,4,,,X_152865953_C/T
COSV54383872,1,,,X_153736245_G/A
COSV100648896,2,,,X_153870123_G/A
COSV107452889,1,,,X_153871127_C/A
COSV105918140,1,,,X_153871130_T/C
COSV105243918,1,2.0,,X_154354837_G/A
COSV107434926,1,2.0,,X_154354891_C/T
COSV61046592,1,2.0,,X_154364616_G/A
COSV61040235,3,2.0,,X_154364625_G/A
COSV61038540,1,2.0,,X_154366562_C/T
COSV63328926,1,,,X_19353146_C/T
COSV101069787,1,,,X_21743795_T/C
COSV65074348,1,,,X_22077543_C/T
COSV105313138,1,,,X_22077702_G/A
COSV63736155,1,,,X_32310082_C/T
COSV63740828,1,,,X_32454662_C/T
COSV66085944,1,,,X_37793801_G/A
COSV67863076,4,1.0,,X_41343801_C/T
COSV54472297,1,,,X_47241303_C/T
COSV54472648,1,,,X_47242504_G/A
COSV100939511,1,1.0,,X_48688096_C/T
COSV64962765,2,1.0,,X_48791328_A/G
COSV62004355,1,,,X_64921832_G/A
COSV99340016,1,,,X_71108289_G/A
COSV64831671,1,,,X_78117320_C/T
COSV64832752,1,,,X_78118168_C/T
COSV60650195,1,1.0,,10_121517371_C/T
COSV53750997,1,,,11_108316023_T/C
COSV60583624,14,,,11_48325054_C/T
COSV54999847,1,,,11_6618780_T/C
COSV53762385,1,,,12_14796807_C/T
COSV55559231,9,1.0,,12_25245346_G/T
COSV57313037,1,1.0,,13_48307406_G/A
COSV99667156,1,,,13_51958521_G/A
COSV63345658,1,,,14_94382686_G/A
COSV56096488,1,,,15_73947223_G/A
COSV67714866,1,2.0,,15_92953573_G/A
COSV55732029,1,1.0,,16_68811859_G/A
COSV56344093,1,,,16_88713447_G/A
COSV62198056,2,1.0,,17_31227291_G/A
COSV53650183,1,,,17_44910142_G/T
COSV100263350,1,,,17_7196757_C/T
COSV52665709,50,1.0,,17_7675994_C/A
COSV53120615,3,1.0,,17_7675994_C/G
COSV99337766,1,,,18_21508587_C/T
COSV52176329,1,,,18_57694582_C/T
COSV54339060,1,,,19_36091280_C/T
COSV62089204,1,,,19_38463527_G/C
COSV61543534,1,1.0,,1_156130731_G/A
COSV100693387,1,1.0,,1_156864360_C/T
COSV63753894,2,,,1_158657477_C/T
COSV65344935,1,,,1_211978272_C/A
COSV100507945,1,,,1_62834852_G/A
COSV100933111,1,,,1_94021846_C/G
COSV105914594,1,,,20_57335907_G/A
COSV52832162,2,,,22_17203563_C/T
COSV101236693,1,,,22_25221483_G/A
COSV58521303,2,1.0,,22_29661339_G/A
COSV65813180,1,,,2_202464978_A/G
COSV56553363,1,1.0,,3_10146635_A/T
COSV61120528,3,,,3_38554373_G/A
COSV57435448,1,1.0,,3_47017638_C/T
COSV60403185,1,,,3_48580300_C/T
COSV56561248,1,,,3_50379092_C/T
COSV59556397,1,1.0,,3_70970736_C/T
COSV67351634,8,,,3_98264938_C/T
COSV54931602,2,,,5_149907345_G/A
COSV56112905,1,1.0,,5_180630225_C/T
COSV62286166,1,,,5_69545084_C/T
COSV100881214,1,,,6_42057513_G/A
COSV59472408,1,,,7_138739540_C/T
COSV62335404,2,,,7_142943328_G/A
COSV99764633,1,1.0,,7_5995612_T/C
COSV55948710,4,1.0,,7_81752250_C/T
COSV99402992,1,,,7_99391253_G/A
COSV100446209,1,1.0,,9_21971194_G/A
COSV104539633,2,,,X_132097298_C/T
COSV61711594,1,,,X_149486983_G/A
COSV105252194,2,,,X_19353161_C/T
COSV101039407,1,,,X_22178320_C/T
COSV65957365,1,1.0,,X_67723745_C/T
COSV101102322,1,,,X_9760717_C/T
