DSI,DPI,num_of_Diseases,num_of_Pmids,Variant38
0.79,0.24,7,0,10_43114547_G/C
0.925,,2,2,14_58448363_C/G
1.0,0.08,2,1,16_23641140_C/T
1.0,0.12,2,4,17_31229324_G/T
1.0,0.08,3,0,19_11113679_G/C
1.0,0.08,1,0,19_38467722_C/G
1.0,,1,0,1_11794385_C/A
1.0,0.04,1,9,5_126568296_C/A
0.925,0.12,2,1,7_143319835_C/A
1.0,0.08,1,0,10_100989687_C/T
0.925,0.08,2,3,10_104037688_G/A
1.0,,1,0,10_43114541_C/T
0.882,0.12,9,0,11_103287559_G/A
0.851,0.2,5,8,11_17531431_C/T
1.0,0.08,1,1,11_31801744_G/A
1.0,0.08,1,1,11_61951908_C/T
1.0,0.08,1,1,12_5971683_G/A
0.925,0.08,2,3,12_5983175_G/A
1.0,0.04,1,1,12_89523356_G/A
0.925,,2,2,14_58448363_C/T
0.925,0.16,2,1,15_43403697_G/T
1.0,0.12,3,14,15_72346552_G/A
1.0,,1,0,15_72349093_A/T
1.0,,1,0,15_92929038_C/T
1.0,0.08,1,0,16_172981_C/T
1.0,0.08,2,8,16_23629231_G/A
1.0,0.08,2,1,16_23641140_C/A
1.0,0.12,2,4,17_31229324_G/A
1.0,0.12,1,3,17_31338748_A/G
1.0,0.08,1,8,17_42911000_G/T
1.0,0.12,1,0,17_46010375_T/C
1.0,0.08,3,0,19_11105434_C/T
1.0,0.08,3,0,19_11113679_G/A
1.0,0.12,1,0,19_12806742_G/A
1.0,0.12,1,0,19_12806748_C/T
1.0,0.08,1,0,19_38467722_C/T
1.0,,1,0,1_11794385_C/T
1.0,0.08,3,5,1_156136110_C/A
1.0,0.08,3,5,1_156136110_C/T
1.0,,1,0,1_9262273_G/A
1.0,,1,0,22_19482818_C/T
1.0,0.12,1,0,2_224503793_C/T
0.851,0.24,4,1,3_10146587_A/G
1.0,0.08,1,1,4_3476523_C/T
1.0,0.04,1,9,5_126568296_C/G
1.0,0.04,1,9,5_126568296_C/T
1.0,0.08,1,0,5_75590368_G/A
1.0,0.08,1,0,5_75590425_G/A
0.925,0.04,2,1,7_151181233_G/A
1.0,0.12,1,0,7_65967767_G/A
1.0,0.16,1,6,X_149486983_G/T
0.851,0.24,4,2,X_153870123_G/A
1.0,0.08,1,1,X_154097618_G/A
1.0,0.08,1,0,X_154364625_G/A
1.0,0.08,1,0,X_154957140_C/A
1.0,0.2,1,0,X_22077630_A/G
0.882,0.12,5,0,X_47242504_G/A
0.716,0.44,15,9,10_121517371_C/T
0.79,0.24,7,0,10_43114547_G/A
,,1,1,10_71362188_T/A
0.925,0.12,2,1,12_25245346_G/T
1.0,0.12,1,0,15_40621785_A/G
0.925,0.12,2,0,17_18166434_C/T
0.925,0.12,2,1,17_80105096_C/T
1.0,0.08,1,2,19_11116966_C/T
1.0,0.12,1,0,19_17837148_G/A
0.925,0.08,2,1,1_161306880_C/T
1.0,0.04,1,0,1_68438214_T/C
1.0,,1,1,1_94001046_C/T
1.0,0.2,1,1,2_174753594_G/A
0.925,,2,1,2_19914054_C/T
0.63,0.68,42,44,3_52222681_C/G
1.0,0.08,1,0,4_102723865_T/C
0.752,0.24,34,0,4_25145092_C/T
0.925,0.08,3,3,5_148097875_C/T
1.0,0.08,1,0,5_36958218_A/G
0.925,0.12,2,1,7_143319838_G/A
1.0,0.08,1,1,X_139548430_G/A
1.0,0.16,1,6,X_149486983_G/A
1.0,0.04,1,0,X_19355483_C/T
1.0,0.16,1,0,X_67723745_C/T
