RemapOverlapTF,RemapOverlapCL,Variant38
6,9,10_100972951_C/T
9,10,10_100989672_C/T
7,7,10_102830963_C/T
5,6,10_104037655_G/A
4,5,10_104037685_C/T
1,3,10_116567792_G/A
4,4,10_121517380_C/A
4,4,10_121517380_C/T
1,1,10_17041048_G/A
8,14,10_27537931_A/G
16,28,10_27538049_T/C
12,12,10_43114487_G/A
12,12,10_43114544_C/T
12,12,10_43114547_G/C
2,2,10_43118386_G/T
1,1,10_47353351_G/A
3,3,10_49820172_G/A
2,2,10_53822473_A/G
3,3,10_71362185_G/A
9,9,10_71707036_C/T
3,4,10_71732372_C/T
2,2,10_71785094_T/C
5,5,10_71819037_C/A
18,24,10_74989051_C/T
45,75,10_75021995_T/C
18,19,10_77984223_C/T
8,16,10_79306283_G/A
3,3,10_80280695_C/A
15,28,10_89225167_C/G
4,4,10_98433989_G/A
3,3,11_102616955_C/T
104,162,11_103109757_C/G
2,3,11_103191606_T/C
1,1,11_103287566_T/C
2,2,11_108144002_A/G
2,2,11_108227693_A/T
1,1,11_108256337_C/T
1,1,11_108281165_A/G
1,1,11_108294977_A/T
2,2,11_108301786_A/G
4,5,11_108316020_A/G
2,2,11_108320056_C/G
2,2,11_108330364_A/T
1,1,11_108365141_A/G
1,1,11_108365427_A/G
3,4,11_112037454_A/C
1,1,11_112230676_T/C
6,6,11_117191957_C/T
5,5,11_118484972_A/G
212,453,11_119085063_G/A
28,31,11_119092514_G/A
24,56,11_119100778_A/G
1,1,11_121109300_C/T
4,8,11_121128335_G/A
6,7,11_121165304_G/A
7,7,11_121589362_C/T
4,4,11_17393712_A/G
24,38,11_17498165_G/C
16,21,11_17531434_C/T
37,47,11_17544278_C/A
5,6,11_18311938_C/T
3,3,11_22255505_T/C
4,4,11_2572983_G/A
5,6,11_2583536_G/C
5,6,11_2583539_C/A
5,6,11_2583539_C/G
14,14,11_2778028_A/G
9,22,11_31801594_G/C
8,17,11_31801749_G/A
14,31,11_31802728_C/A
13,16,11_32391991_C/T
49,99,11_32435337_G/A
2,2,11_44130132_G/A
5,6,11_47333248_G/T
9,10,11_47339693_C/G
5,5,11_47343536_C/T
2,2,11_47352636_C/T
3,3,11_48325117_C/T
5,5,11_5226619_C/T
11,13,11_5226932_G/T
11,13,11_5226935_C/G
12,14,11_5226944_A/G
17,19,11_5226968_C/T
1,1,11_56094067_C/T
129,226,11_59787057_C/T
6,6,11_61951905_T/C
6,6,11_64746755_C/T
3,3,11_64751600_C/G
4,4,11_64807893_G/T
7,7,11_64807903_A/G
7,7,11_64807906_G/C
20,21,11_65526192_C/T
53,71,11_6618786_A/G
5,5,11_66523879_C/G
2,2,11_66531739_C/T
34,38,11_67487155_G/C
12,12,11_67522699_G/C
7,7,11_67611554_C/T
6,6,11_68047712_C/T
7,7,11_68812439_C/T
6,6,11_72106158_G/C
8,9,11_74093854_G/A
3,3,11_77162147_C/T
6,6,11_77181583_C/T
7,16,11_77190849_C/G
6,14,11_77207399_C/T
3,3,11_78478603_G/A
2,4,12_101747167_T/C
11,23,12_101761668_A/G
1,1,12_101780154_G/A
2,2,12_102843657_C/T
2,2,12_102843660_G/T
1,1,12_102843675_C/T
1,1,12_102851705_G/A
1,1,12_102877468_G/A
2,2,12_102894895_G/A
4,4,12_102912794_A/G
3,3,12_109574885_C/T
9,9,12_109784377_C/T
1,1,12_110323059_G/A
2,2,12_112453348_C/T
12,14,12_120999377_G/A
4,5,12_121954206_G/A
3,3,12_132680181_T/C
1,1,12_14882157_C/T
1,1,12_25245349_A/C
5,7,12_2581599_C/T
5,5,12_32796114_G/T
20,56,12_47855686_C/T
4,4,12_47983721_G/T
2,2,12_47986399_T/C
2,2,12_49022058_G/A
1,1,12_49028831_G/A
1,1,12_49041919_G/A
2,2,12_49048683_G/A
3,3,12_49054310_T/G
13,13,12_51913719_A/G
5,5,12_57564197_T/A
261,680,12_57782852_C/T
3,3,12_5971698_G/A
10,12,12_5976156_G/A
18,21,12_5983157_G/A
17,52,12_6062972_G/A
3,5,12_82476644_C/T
1,1,12_88087792_C/T
4,6,12_88093782_G/C
1,1,12_88140962_T/A
68,136,12_89525196_G/A
2,3,13_100368559_T/C
2,3,13_100368568_G/A
1,1,13_101089849_C/T
4,4,13_110493242_A/G
35,55,13_113110820_C/G
2,2,13_113117541_C/T
61,76,13_113122885_C/T
7,7,13_113129528_G/A
11,12,13_32316520_C/T
4,4,13_32376788_T/G
1,1,13_39679582_T/C
1,1,13_48307400_A/C
3,3,13_48364959_T/C
2,2,13_48373483_C/A
1,1,13_48377028_A/T
4,4,13_51944130_T/G
37,57,13_51958317_C/T
15,18,13_51958527_G/A
4,9,13_51960151_G/A
13,17,13_51970550_T/C
3,3,13_51974101_A/G
3,4,13_77150830_G/A
5,5,14_102044396_G/A
5,5,14_21321399_T/C
129,225,14_24081365_G/C
9,9,14_24255992_A/C
5,6,14_50623206_C/T
7,7,14_50915350_G/A
9,10,14_50937772_G/C
1,1,14_58448363_C/G
3,3,14_64805017_G/A
7,8,14_77279827_A/C
125,241,14_87992973_G/C
146,288,14_88385830_C/T
3,4,14_92071008_C/T
3,3,14_94382683_C/T
3,5,14_95091288_C/A
68,125,14_95535317_C/T
18,26,15_100894016_C/T
38,54,15_100973961_G/A
1,1,15_27755391_A/G
1,1,15_27951881_A/C
1,1,15_27955164_T/C
3,3,15_27990609_A/G
3,4,15_31060568_G/T
4,4,15_38507734_A/G
21,25,15_40001188_T/G
3,3,15_40774368_G/A
7,9,15_42360099_C/G
7,9,15_42384518_A/G
12,15,15_42386267_A/T
30,37,15_42401804_C/A
1,1,15_42410620_C/A
2,2,15_43403691_C/T
8,10,15_44573554_C/T
1,1,15_48436998_A/G
9,11,15_48437353_C/T
7,14,15_48465580_G/T
3,3,15_48465803_G/A
3,3,15_48465833_T/G
3,4,15_48485381_T/C
8,11,15_48495133_T/C
1,1,15_48510066_T/A
24,28,15_48534156_G/A
4,4,15_48537636_T/C
2,2,15_57232295_G/C
1,1,15_63634748_T/C
4,4,15_71814100_C/T
2,2,15_72346546_C/T
2,2,15_72353071_A/G
2,2,15_72353074_G/A
22,25,15_74023299_C/G
4,4,15_74339303_G/A
5,6,15_74342983_C/T
5,5,15_80172241_C/T
8,9,15_82679738_C/T
3,3,15_89260838_C/T
13,15,15_89317488_G/A
5,5,15_89325515_C/A
3,3,15_92927309_G/A
2,2,15_92953540_G/C
2,2,15_98707851_T/A
2,2,16_1455137_C/T
11,14,16_1507039_T/A
4,4,16_1518240_G/A
12,13,16_1520737_G/A
5,6,16_1524564_G/A
6,6,16_1592478_G/T
16,19,16_1792384_G/A
15,15,16_2053449_G/C
8,8,16_2060810_C/T
12,16,16_2063050_T/C
1,1,16_2072980_A/G
8,9,16_2076167_T/C
7,7,16_2079159_C/A
7,9,16_2084368_G/A
11,12,16_2085319_C/G
19,21,16_2090330_G/A
20,24,16_2090734_G/A
24,27,16_2092154_G/A
20,23,16_2092550_G/A
11,11,16_2288141_G/A
6,6,16_2319586_G/A
1,1,16_23623127_T/G
2,2,16_23629228_G/A
181,349,16_23641116_C/T
197,395,16_23641140_C/T
10,10,16_28894604_C/T
19,21,16_30089129_C/T
13,14,16_30966374_G/A
6,7,16_3243195_C/T
4,5,16_3658832_G/A
3,3,16_3739700_A/T
9,11,16_46918701_C/T
143,270,16_56519752_C/A
4,4,16_56902493_G/C
4,4,16_57915288_G/A
13,25,16_67166368_C/T
2,2,16_67436346_G/C
79,127,16_68737460_G/A
2,2,16_68810337_T/C
19,20,16_68811856_A/G
8,8,16_68812257_C/T
6,6,16_68812260_C/T
5,5,16_68828208_G/A
13,14,16_70255740_G/A
7,8,16_71568714_T/C
19,20,16_74719003_G/A
144,315,16_75555942_C/T
2,2,16_8804832_T/C
10,11,16_88646194_G/A
19,21,16_88713432_C/T
15,17,16_88719622_G/A
20,22,16_89694713_C/A
10,10,16_89744964_G/A
8,8,16_89783010_G/T
6,6,16_89784859_G/A
11,24,17_17217071_G/T
12,23,17_17217075_T/A
5,5,17_18155204_C/T
5,5,17_18155216_C/T
9,10,17_18166437_C/T
5,5,17_18166497_A/G
1,1,17_2674255_A/G
109,159,17_28735362_C/T
7,8,17_31159084_T/C
1,1,17_31201135_C/T
1,1,17_31201156_T/C
1,1,17_31235652_G/A
1,1,17_31235736_C/T
1,3,17_31335028_G/A
2,2,17_31338136_C/T
1,1,17_31338751_T/C
1,1,17_31338799_T/C
10,10,17_3656789_G/A
30,31,17_40820589_G/A
10,10,17_41769424_C/T
3,3,17_42910994_C/T
3,3,17_43047686_C/G
2,2,17_43067618_A/G
12,14,17_43071162_G/A
5,5,17_43090947_A/G
1,1,17_43115737_G/A
3,3,17_44257383_G/T
4,4,17_44349545_C/T
6,6,17_44349741_C/T
8,9,17_44351768_G/A
13,18,17_44374384_C/T
6,6,17_44380883_G/A
79,126,17_44385854_C/T
7,8,17_44879559_C/T
3,4,17_44910619_A/G
14,16,17_46010345_C/T
13,16,17_46010363_C/T
12,16,17_46010390_G/A
22,23,17_47291055_C/T
17,19,17_47292285_T/C
23,26,17_4900852_G/A
4,5,17_4937854_G/A
43,88,17_50169230_C/T
6,7,17_50190372_A/T
19,22,17_50199559_G/T
15,17,17_61849138_A/T
1,1,17_63917766_C/G
2,2,17_7194480_G/A
7,7,17_7196934_G/A
4,4,17_7203470_G/A
31,35,17_7221612_C/T
26,28,17_7222273_G/A
35,43,17_7222862_G/A
9,9,17_7223866_C/T
11,12,17_7224214_G/C
5,5,17_7224494_G/A
69,117,17_75517057_G/A
17,18,17_75522257_G/A
19,20,17_75522323_C/T
11,11,17_75727484_G/A
17,23,17_75733622_C/G
12,13,17_75736383_G/A
12,13,17_75762869_G/A
16,77,17_7673541_G/T
11,16,17_7676000_A/T
11,15,17_7676003_C/A
11,12,17_80105099_G/C
10,11,17_80105111_T/C
10,11,17_80105129_C/T
32,44,17_80105886_C/T
15,18,17_80107719_C/A
6,8,17_80110044_C/T
3,4,17_80111009_C/T
15,21,17_80113021_C/T
15,17,17_80118802_C/T
16,17,17_80213823_G/C
1,1,17_82929497_G/A
7,9,18_21508587_C/A
9,10,18_23541390_A/G
1,1,18_23921048_C/T
4,4,18_23943968_C/T
2,2,18_31079974_A/T
6,6,18_46485081_G/T
9,9,18_46521136_G/A
9,19,18_55261481_C/T
1,1,18_57554305_C/T
1,2,18_57571537_C/T
41,66,18_59273072_G/A
43,70,18_59273129_G/T
2,8,18_62140464_A/G
2,2,18_62143318_T/G
1,1,18_63338803_G/A
2,2,18_70109684_C/T
24,24,19_11102773_C/T
23,23,19_11102776_G/A
62,69,19_11105437_G/A
37,38,19_11105575_G/A
27,27,19_11110683_C/T
23,25,19_11113306_C/T
27,29,19_11113679_G/C
13,15,19_11116965_G/A
13,15,19_11116984_T/C
76,98,19_11120509_G/A
26,46,19_1220502_C/T
36,89,19_1223105_G/T
39,43,19_1226605_C/A
193,426,19_12806736_C/T
185,408,19_12806754_G/A
74,118,19_12891518_T/C
3,3,19_12892174_C/T
11,13,19_1399796_G/A
5,5,19_15186936_A/G
18,22,19_17486848_G/A
50,64,19_17831236_G/A
1,1,19_17837151_G/A
10,10,19_18075801_C/A
14,14,19_32843936_C/T
11,11,19_32862480_C/G
10,10,19_32864747_G/A
5,5,19_35730098_G/A
51,93,19_35846054_C/T
9,10,19_36083203_C/G
6,6,19_36091235_C/G
14,14,19_38463497_C/G
15,15,19_38463524_C/T
11,12,19_38467722_C/G
9,9,19_38490252_G/A
18,19,19_38543426_G/C
2,2,19_38572267_C/T
16,16,19_38916085_G/T
5,7,19_41410810_C/T
7,7,19_42287545_C/A
7,8,19_45352542_G/T
8,8,19_49167970_A/G
20,26,19_49865130_G/C
7,9,19_5039901_G/A
1,1,19_54124593_T/C
10,12,19_7125313_C/T
34,43,19_7533648_C/T
5,5,19_855761_T/C
6,6,19_855782_C/T
1,1,1_100210697_A/G
1,1,1_102920320_A/C
2,2,1_109236443_G/A
9,10,1_113911432_C/G
4,4,1_115033522_C/A
1,1,1_115740767_G/T
9,9,1_11793916_G/A
8,8,1_11794385_C/A
9,9,1_11957005_G/C
24,32,1_11960753_C/T
9,9,1_150511525_C/T
7,7,1_150558634_C/T
5,5,1_15440373_C/T
1,1,1_155239893_C/G
1,1,1_155293537_A/G
1,1,1_155293540_G/A
15,19,1_155295491_C/A
34,91,1_156130732_C/T
5,5,1_156134972_C/T
9,9,1_156135306_G/A
12,14,1_156135915_G/A
14,16,1_156136092_C/T
13,15,1_156136102_T/C
10,11,1_156136119_G/A
15,16,1_156137725_C/T
22,24,1_156138607_G/A
22,24,1_156138613_C/A
12,14,1_156138703_G/A
7,8,1_156138754_C/T
9,9,1_156864372_G/A
1,1,1_158612862_G/A
11,12,1_158653396_A/G
11,12,1_158653405_A/G
5,6,1_158676265_G/A
4,4,1_161168055_G/A
10,11,1_161306874_G/A
10,11,1_161306877_C/T
12,13,1_168291265_C/T
11,14,1_17027752_T/C
11,14,1_17027755_C/T
4,4,1_173826760_C/T
4,4,1_173909586_G/A
4,7,1_183563583_T/C
3,6,1_18876342_C/T
8,8,1_19223411_T/C
4,7,1_19239827_G/A
5,5,1_201365197_G/A
2,2,1_203503579_C/T
9,14,1_209617424_A/G
11,14,1_209790844_G/A
11,14,1_209796433_A/G
1,1,1_215634555_G/A
3,3,1_21575902_C/T
4,4,1_215844309_A/C
9,9,1_215900178_C/A
3,3,1_216250928_C/T
2,2,1_216325332_T/A
9,9,1_216325503_T/G
13,14,1_21864109_C/T
10,10,1_22129731_C/T
2,2,1_222628597_C/T
22,24,1_228174989_C/T
124,225,1_231241447_C/T
9,28,1_23798621_G/A
13,15,1_24337708_C/G
18,20,1_26911947_G/A
1,1,1_39850189_A/G
13,15,1_40314262_G/A
13,15,1_40314376_C/A
62,84,1_40818575_C/T
7,7,1_42927629_C/T
22,59,1_45014964_A/G
5,5,1_45331809_C/A
1,1,1_45332583_G/A
2,2,1_45333106_T/G
17,17,1_45507547_A/G
11,15,1_58689065_T/C
16,29,1_62528157_C/T
118,259,1_62688259_G/T
1,1,1_6825177_A/G
2,2,1_68438211_A/G
6,14,1_68448628_T/C
5,8,1_75733623_T/C
1,1,1_75749493_T/C
177,355,1_92080586_G/A
12,13,1_9262297_C/T
5,5,1_94001049_G/A
4,4,1_94005447_G/T
2,2,1_94011365_G/A
5,7,1_94021849_G/A
5,7,1_94021855_A/G
14,15,1_94029448_G/A
4,4,1_94030496_C/T
9,9,1_94031781_C/T
18,25,1_94037184_A/G
2,2,1_94077708_C/A
5,5,1_94098803_G/C
5,5,1_94098824_G/A
28,51,20_3082762_G/A
8,8,20_33757339_G/A
47,56,20_44407384_T/C
23,28,20_44418503_C/T
3,5,20_44624205_G/A
3,5,20_46123151_C/T
3,4,20_4699904_A/G
89,138,20_57266093_C/T
61,120,20_58891837_C/T
6,8,20_63414093_G/C
5,6,20_761815_C/T
1,4,21_14109008_T/G
3,3,21_33582221_T/G
2,2,21_41237600_C/T
6,6,21_42485798_C/T
10,13,21_43774679_C/T
210,454,21_43776216_G/A
4,5,21_46114061_C/T
5,5,21_46116674_C/T
14,15,21_46277531_C/T
10,12,22_17203599_G/A
102,253,22_18078601_G/T
3,6,22_19482824_C/T
12,60,22_19496002_C/T
8,8,22_20989679_G/A
21,26,22_24495493_T/C
4,4,22_25224956_G/A
3,3,22_28734482_A/C
11,22,22_29642276_C/G
9,13,22_29661336_G/A
41,57,22_31857544_C/T
7,7,22_37086356_C/T
20,22,22_38132840_C/T
22,24,22_38132960_C/T
32,42,22_38143108_C/T
76,144,22_39350070_G/A
8,8,22_40359002_T/C
92,206,22_50526008_C/T
3,3,22_50625592_G/A
8,10,22_50627181_C/T
15,24,2_112001282_T/G
1,1,2_112010049_T/C
3,3,2_11765688_C/T
7,8,2_127426215_C/T
2,2,2_151551744_C/T
20,25,2_151569274_G/A
12,14,2_151682671_G/T
1,1,2_15178991_A/T
1,1,2_15178997_T/C
1,1,2_1540717_G/A
14,17,2_165373329_C/A
3,3,2_166045073_T/A
1,1,2_166052868_C/T
1,1,2_166052871_C/T
11,11,2_168935231_T/C
5,10,2_168970051_C/T
4,6,2_168971850_T/C
8,8,2_168993720_G/A
2,2,2_169503172_T/G
19,20,2_174753606_G/A
1,1,2_178542268_G/A
3,3,2_178759123_C/T
7,8,2_189001432_T/C
1,1,2_190252275_A/G
5,7,2_1917239_G/A
3,3,2_19914132_T/C
9,9,2_201754586_C/T
1,1,2_202464912_C/T
3,3,2_202519034_G/C
2,2,2_214947425_C/A
1,1,2_214978810_C/A
3,3,2_218661296_C/T
3,3,2_218661520_G/A
4,4,2_218813093_C/T
9,21,2_219030197_G/A
15,36,2_222295550_A/G
2,2,2_222642976_T/C
1,1,2_224503049_C/T
1,1,2_224503706_G/A
2,2,2_224503820_T/C
1,1,2_227077913_A/G
2,2,2_227253335_C/A
5,6,2_227253629_T/C
5,10,2_229818460_T/C
2,6,2_237361748_G/A
11,11,2_25274971_C/G
3,3,2_27312500_T/C
148,312,2_32063996_C/T
1,1,2_32114741_C/T
1,1,2_32126968_T/C
2,2,2_32127004_G/A
5,9,2_32128458_T/G
1,1,2_32141925_T/C
1,1,2_3478927_C/T
41,74,2_38074627_C/T
8,9,2_46950517_G/A
2,2,2_47408483_T/C
18,27,2_47429937_T/C
2,2,2_47480868_A/G
7,9,2_47803664_C/G
1,1,2_55645380_T/G
2,2,2_58160120_T/C
6,6,2_69077458_C/T
8,24,2_70961013_A/T
1,1,2_71503238_A/G
6,6,2_71515745_C/T
4,5,2_71520901_G/T
31,34,2_86252011_G/A
6,6,2_86254709_T/C
7,7,2_98396778_C/G
220,505,3_10142069_C/G
1,1,3_10146590_T/G
1,1,3_10146632_G/A
1,1,3_10146632_G/T
7,7,3_10149803_G/A
6,6,3_120644337_C/T
13,13,3_120646982_G/A
29,32,3_120682106_A/T
25,34,3_128481939_G/C
50,67,3_128483899_A/G
34,51,3_128485953_C/T
5,5,3_132689149_C/T
4,4,3_15453870_G/A
5,6,3_15642045_C/T
1,1,3_160285834_C/T
4,10,3_183094587_T/C
232,569,3_184248827_C/T
9,9,3_193638026_A/G
1,1,3_193643046_T/G
1,1,3_193645609_T/C
2,2,3_193648083_C/T
1,1,3_193648095_A/G
33,45,3_193662935_C/G
21,28,3_23917877_C/T
2,2,3_25737398_G/C
2,2,3_30688508_C/T
1,1,3_33016733_A/G
9,11,3_33068955_G/A
1,1,3_37008897_T/C
2,2,3_37042325_G/A
2,2,3_37042328_A/G
7,8,3_37048606_T/C
3,3,3_38554370_C/T
3,3,3_38557236_T/G
3,3,3_38557237_G/T
8,8,3_38603721_C/T
9,9,3_41234291_A/G
34,61,3_47017656_A/G
5,8,3_48565646_T/C
5,6,3_48570137_G/A
3,3,3_48570645_C/A
11,14,3_48572139_C/A
11,14,3_48572139_C/T
14,15,3_48572677_A/G
13,15,3_48572734_T/A
7,8,3_48574274_A/G
5,5,3_48575873_G/T
3,3,3_48576255_A/G
3,3,3_48576424_C/T
2,2,3_48578354_G/T
1,1,3_48578465_G/A
2,2,3_48580034_C/A
5,5,3_48580306_C/T
3,3,3_48580897_G/T
4,4,3_48584919_A/C
2,2,3_48586229_A/G
1,1,3_48589636_G/A
14,17,3_49419263_C/T
7,7,3_49419404_G/T
29,36,3_49421507_C/T
6,10,3_50379107_A/G
6,6,3_52222672_C/T
4,4,3_52362411_T/G
6,6,3_52407961_A/T
1,1,3_57198855_C/T
6,6,3_58134754_G/C
1,1,3_69949107_A/G
4,4,3_69964891_A/T
1,1,3_70970757_T/C
1,1,3_70977685_T/A
1,1,3_97791810_T/C
40,50,3_98532399_C/T
16,20,3_9943478_G/A
26,41,4_1003467_G/C
39,89,4_102579011_C/T
7,8,4_102723868_A/G
4,7,4_127938802_T/C
1,1,4_15555195_G/A
1,1,4_15994023_G/A
1,1,4_16016172_G/A
9,12,4_176193462_C/T
6,6,4_186280365_A/G
5,5,4_186589045_G/A
38,149,4_25145080_A/G
44,66,4_3463423_C/G
5,6,4_3476421_C/A
7,12,4_3476526_G/T
11,11,4_73410344_G/C
2,2,4_79978043_G/A
13,14,4_87982632_G/A
2,2,4_88131187_C/T
2,2,4_99611447_T/G
1,1,5_112801380_T/C
4,4,5_112819260_T/C
2,3,5_112827241_C/G
4,4,5_112835076_G/C
1,1,5_112835151_A/T
1,1,5_112837644_T/C
6,7,5_1219008_C/T
1,1,5_126568278_C/G
1,1,5_126568296_C/A
101,171,5_126595043_C/T
1,2,5_13777295_C/T
2,4,5_13829516_A/G
9,15,5_14397045_G/A
1,1,5_147828117_G/A
1,1,5_147829611_G/C
2,2,5_148088599_A/G
4,4,5_149907339_G/C
4,4,5_150378913_C/G
8,11,5_150389924_C/T
4,4,5_150391600_C/T
7,7,5_150393422_G/A
28,59,5_177607326_C/T
13,16,5_179616202_G/A
3,3,5_180630234_C/T
2,2,5_33963727_T/G
2,2,5_36958221_T/C
6,6,5_37017099_G/A
8,8,5_37049166_G/A
2,2,5_37059073_T/C
1,1,5_37165554_G/T
15,20,5_37187757_T/C
3,3,5_41154985_A/G
2,2,5_42711311_C/A
4,10,5_60890901_C/T
2,2,5_64785555_T/C
17,20,5_73909873_G/A
234,546,5_75511827_G/A
1,1,5_75596979_A/G
4,7,5_87380527_T/C
17,20,5_88804604_G/A
16,16,5_90644863_A/G
2,2,6_105133497_C/G
1,1,6_129270665_T/C
9,9,6_129328409_C/T
2,2,6_129366358_A/G
10,10,6_138912780_A/G
5,5,6_157174102_C/T
19,22,6_157198898_A/T
10,10,6_157203987_T/C
1,1,6_166931101_A/G
9,10,6_33432246_G/A
22,27,6_42051482_C/T
3,3,6_44306521_A/G
1,1,6_45491942_G/A
3,3,6_49457700_A/G
1,1,6_51903684_G/A
3,3,6_73644434_A/G
6,6,7_100627910_C/T
4,4,7_105062260_C/T
4,4,7_105062263_T/A
6,6,7_105063419_C/T
101,258,7_107661797_G/A
6,8,7_107663362_A/G
5,5,7_107690180_G/T
1,1,7_107701919_G/A
2,2,7_107710166_A/G
1,1,7_113918670_C/T
3,3,7_117531105_T/C
1,1,7_117590405_C/T
4,6,7_117603553_G/A
15,21,7_117603775_G/A
3,3,7_117627647_G/A
15,17,7_117666949_G/A
2,2,7_124870914_C/T
5,14,7_129208811_G/A
4,6,7_138739609_T/C
1,1,7_142941345_G/A
3,4,7_143316389_A/G
24,105,7_143321839_G/A
9,9,7_143323383_T/C
16,18,7_143341993_A/G
6,7,7_150950924_G/A
6,7,7_150950933_G/A
15,16,7_150957297_G/A
24,27,7_151181305_G/A
22,42,7_157005763_C/T
2,2,7_16216098_A/G
3,3,7_16308535_A/G
9,9,7_2540985_G/A
9,9,7_2540994_G/A
2,3,7_30977316_C/T
14,16,7_44078791_C/T
103,111,7_44147661_G/A
100,108,7_44147664_G/A
7,7,7_44149782_C/T
4,4,7_44149987_G/A
7,8,7_44150971_G/A
7,8,7_44150974_C/T
5,5,7_44153317_G/A
5,5,7_44153326_G/A
5,6,7_44188924_G/A
6,6,7_50499166_G/A
3,4,7_5711767_G/A
80,125,7_5995543_G/A
110,196,7_5995615_T/C
5,5,7_65967761_A/G
8,8,7_66633425_C/A
5,5,7_81752166_A/G
11,21,7_87423918_T/C
3,3,7_92235457_T/A
2,2,7_94408817_C/T
2,2,7_94416494_T/C
1,1,7_94428366_C/T
186,419,7_96321945_G/A
13,15,7_99391229_C/T
2,2,8_10608938_A/G
9,9,8_10612481_G/A
3,3,8_132175465_C/T
3,3,8_142876247_C/G
3,3,8_142876250_G/A
3,3,8_142876253_C/T
24,28,8_144514448_C/T
7,12,8_22163525_T/A
7,22,8_31067092_G/A
1,1,8_37753517_C/T
6,6,8_38421858_C/T
5,5,8_38424524_A/G
4,4,8_42430201_G/A
53,81,8_54629387_G/A
70,93,8_60781008_G/A
10,12,8_60838246_A/G
2,2,8_61553061_C/T
9,10,10_100989687_C/T
7,7,10_102830966_C/T
5,5,10_104037646_G/A
4,4,10_104037688_G/A
8,20,10_116597853_C/T
4,4,10_121517320_T/C
12,12,10_43114541_C/T
1,1,10_47353357_C/T
2,2,10_53822485_A/T
9,9,10_71707048_A/C
3,4,10_71732375_G/A
2,2,10_71785100_G/A
20,27,10_74989081_G/A
46,77,10_75022006_G/A
18,22,10_77984205_C/T
7,15,10_79306286_C/T
3,3,10_80280725_G/A
15,28,10_89225167_C/T
4,4,10_98433983_C/T
2,3,11_103191618_A/T
1,1,11_103287559_G/A
2,2,11_108143993_C/T
2,2,11_108227696_G/A
1,1,11_108256340_G/A
1,1,11_108281168_G/A
2,2,11_108330364_A/G
1,1,11_108365138_T/C
3,4,11_112037460_G/A
1,1,11_112230682_G/A
9,9,11_117192014_G/C
27,30,11_119092523_G/A
26,58,11_119100766_C/G
1,1,11_121109339_C/T
4,9,11_121128344_G/A
5,6,11_121165331_G/A
4,5,11_17393697_C/T
24,38,11_17498165_G/A
16,21,11_17531431_C/T
36,45,11_17544272_C/T
4,5,11_18311914_C/T
3,3,11_22255522_G/A
5,6,11_2583545_G/A
5,6,11_2583545_G/C
5,6,11_2583545_G/T
14,14,11_2778037_G/A
9,22,11_31801585_G/T
8,17,11_31801744_G/A
13,29,11_31802704_C/T
45,93,11_32435343_C/A
1,1,11_44130138_G/A
5,6,11_47333245_G/A
9,10,11_47339693_C/T
2,2,11_47352624_T/G
11,13,11_5226931_T/G
11,13,11_5226932_G/A
125,221,11_59787045_A/G
5,5,11_61951908_C/T
6,6,11_64746758_G/A
4,4,11_64751597_C/T
4,4,11_64807891_C/A
4,4,11_64807891_C/G
22,23,11_65526207_C/T
5,5,11_66523882_G/A
2,2,11_66531742_G/A
34,38,11_67487155_G/T
12,12,11_67522699_G/T
6,6,11_68047712_C/A
4,4,11_72106179_C/T
3,3,11_77162144_C/T
6,6,11_77181589_G/A
8,18,11_77190870_G/A
5,13,11_77207402_G/A
10,22,12_101761671_T/C
2,2,12_102843647_T/G
2,2,12_102843648_T/A
2,2,12_102843651_T/C
1,1,12_102851687_C/T
1,1,12_102877462_A/G
2,2,12_102894892_A/G
4,4,12_102912791_C/T
3,3,12_109574897_C/T
9,9,12_109784374_G/C
15,17,12_120999389_G/A
3,3,12_132680178_C/T
6,9,12_2581590_G/A
5,5,12_32796114_G/A
4,4,12_47983716_G/A
2,2,12_47986396_G/A
2,2,12_49022049_T/A
2,2,12_49028828_C/T
1,1,12_49041917_C/T
3,3,12_49054307_C/T
13,13,12_51913719_A/T
5,5,12_57564212_G/A
3,3,12_5971683_G/A
8,10,12_5976111_C/T
19,22,12_5983175_G/A
16,46,12_6062957_C/T
9,11,12_82965744_G/A
1,1,12_88087780_C/T
4,6,12_88093770_C/T
1,1,12_88140956_C/T
3,3,12_89523356_G/A
1,1,13_101089846_C/T
3,3,13_110493281_A/G
32,55,13_113110850_G/C
3,3,13_113113887_C/T
4,5,13_113115697_C/T
8,8,13_113118759_G/A
11,11,13_32316523_A/G
5,5,13_32376791_G/A
2,2,13_48373483_C/T
1,1,13_48377034_G/A
4,4,13_51944109_C/T
38,58,13_51958311_C/T
1,1,13_77140846_C/T
4,4,14_102044393_C/T
5,5,14_21321402_G/A
9,9,14_24255989_C/T
3,3,14_50623248_G/A
2,2,14_50914701_C/T
1,1,14_58448363_C/T
2,2,14_64804939_C/G
7,8,14_77279824_T/C
124,238,14_87992970_C/G
142,280,14_88385836_A/G
1,1,14_92096773_A/G
3,5,14_95091291_C/T
17,25,15_100894082_G/A
36,52,15_100973967_G/A
1,1,15_27951875_C/G
1,1,15_27955158_C/T
3,3,15_27990612_G/A
4,4,15_38507726_C/T
16,19,15_40001224_G/A
3,3,15_40774356_C/T
8,10,15_42360114_G/A
12,15,15_42386264_C/T
29,36,15_42401810_G/A
1,1,15_42410620_C/G
2,2,15_43403697_G/T
7,9,15_44573548_T/C
1,1,15_48437004_G/A
9,11,15_48437347_G/A
3,3,15_48465833_T/C
3,4,15_48485375_G/A
9,12,15_48495127_T/C
1,1,15_48510057_C/A
24,28,15_48534159_A/G
4,4,15_48537633_A/G
1,1,15_63634733_C/T
4,4,15_71814112_C/G
3,3,15_72346552_G/A
2,2,15_72353068_C/A
4,4,15_74339300_G/A
5,6,15_74342977_C/T
5,6,15_82679729_C/T
6,6,15_89325518_C/T
7,8,15_92929038_C/T
2,2,16_1455134_C/T
12,14,16_1507051_G/A
4,4,16_1518216_C/T
12,13,16_1520737_G/C
2,2,16_1839255_C/T
15,15,16_2053452_G/A
7,7,16_2060813_G/A
12,16,16_2063053_G/A
8,9,16_2076170_G/A
11,11,16_2085322_G/A
1,1,16_2115378_C/A
11,11,16_2288147_G/A
1,1,16_23623130_C/T
2,2,16_23629231_G/A
178,341,16_23641110_C/T
197,395,16_23641140_C/A
9,9,16_28894607_G/A
19,21,16_30089141_C/T
12,13,16_30966386_G/A
3,3,16_3739724_C/A
8,12,16_46918755_C/T
142,266,16_56519746_C/T
4,4,16_56902508_G/A
13,24,16_67166392_C/T
2,2,16_67436355_C/G
75,121,16_68737463_G/A
2,2,16_68810340_A/G
6,6,16_68812263_G/A
6,6,16_68812263_G/T
5,5,16_68828205_G/C
7,8,16_71568711_C/A
20,21,16_74718988_C/T
179,392,16_75556177_G/T
1,1,16_8804843_G/A
10,11,16_88646197_C/A
13,15,16_88719580_T/G
10,11,16_89694788_G/A
8,8,16_89783007_C/T
11,25,17_17217069_C/G
11,25,17_17217069_C/T
5,6,17_18155225_G/A
5,6,17_18155225_G/T
3,3,17_18166521_G/A
6,7,17_31159093_G/T
1,1,17_31201132_A/C
1,1,17_31201159_G/A
1,1,17_31235650_C/A
1,3,17_31335031_G/A
2,2,17_31338139_G/A
1,1,17_31338748_A/G
1,1,17_31338805_G/A
10,10,17_3656795_G/A
10,10,17_41769418_C/T
3,3,17_42911000_G/T
3,3,17_43047686_C/T
2,2,17_43067609_T/A
5,5,17_43090944_C/T
1,1,17_43115728_G/A
2,2,17_44257350_C/T
4,4,17_44349551_G/A
6,6,17_44349750_A/C
6,7,17_44351795_G/A
12,16,17_44374354_C/T
6,6,17_44380880_T/C
90,147,17_44385824_C/G
7,8,17_44879556_C/A
12,15,17_46010375_T/C
4,5,17_46014272_G/A
25,26,17_47291088_G/A
23,26,17_4900855_G/A
6,6,17_4938183_G/A
47,95,17_50169254_G/T
6,7,17_50190378_T/C
20,23,17_50199556_C/T
1,1,17_63917760_C/T
7,8,17_7196850_G/A
3,3,17_7203193_C/T
26,28,17_7222276_G/A
9,9,17_7223875_G/A
10,11,17_7224212_C/T
67,108,17_75517072_G/C
16,17,17_75522251_G/A
9,9,17_75727505_G/A
12,13,17_75736386_G/A
11,12,17_75762882_G/T
16,82,17_7673535_C/T
10,11,17_80105132_G/A
10,11,17_80105132_G/T
5,7,17_80110055_G/A
3,4,17_80111015_C/G
15,20,17_80113027_G/A
15,17,17_80118805_G/A
16,17,17_80213823_G/A
1,1,17_82929500_G/A
9,10,18_23541387_C/T
1,1,18_23921054_G/A
4,4,18_23943971_G/A
6,6,18_46485081_G/A
7,7,18_46521097_C/T
10,20,18_55261466_C/T
1,2,18_57571536_G/A
2,8,18_62140462_C/T
2,2,18_62143306_C/T
1,1,18_70109687_T/C
24,24,19_11102770_A/G
24,24,19_11102770_A/T
64,71,19_11105434_C/T
37,39,19_11105572_C/T
27,29,19_11113679_G/A
11,11,19_11116998_G/A
26,46,19_1220505_G/A
36,89,19_1223105_G/A
39,43,19_1226608_C/T
191,424,19_12806742_G/A
188,415,19_12806748_C/T
73,115,19_12891521_G/A
11,13,19_1399793_C/T
6,6,19_15186930_G/A
7,7,19_17516280_G/A
49,63,19_17831245_G/A
10,10,19_18075806_G/A
13,13,19_32843897_G/A
2,2,19_35730122_C/T
9,10,19_36083212_G/A
15,15,19_38463527_G/A
11,12,19_38467722_C/T
9,9,19_38490249_C/T
18,19,19_38543435_G/A
2,2,19_38572270_G/A
19,19,19_38916037_C/T
5,7,19_41410816_C/T
8,9,19_42287667_C/T
1,1,19_49167922_C/T
20,26,19_49865127_C/T
11,13,19_5039982_C/T
1,1,19_54124590_G/A
10,12,19_7125283_C/T
33,42,19_7533651_A/T
1,1,1_100210694_C/T
1,1,1_102920311_C/T
2,2,1_109236548_G/A
4,4,1_115033524_G/A
8,8,1_11793907_C/T
8,8,1_11794385_C/T
26,35,1_11960765_C/T
13,17,1_150511627_G/A
9,9,1_150558649_G/A
5,5,1_15440391_G/A
11,15,1_155295437_C/T
4,4,1_156134975_G/A
12,14,1_156135918_G/A
12,14,1_156136110_C/A
12,14,1_156136110_C/T
15,16,1_156137728_G/C
22,24,1_156138613_C/T
12,14,1_156138703_G/T
7,8,1_156138757_G/A
11,15,1_17027749_C/G
11,15,1_17027749_C/T
1,1,1_173828363_C/T
3,6,1_18876315_C/T
4,7,1_19239824_G/A
3,3,1_200565069_C/T
3,4,1_200815644_G/A
5,5,1_201365191_G/A
2,2,1_203498796_C/T
8,12,1_209617410_C/T
19,23,1_209790634_G/A
1,1,1_215634564_T/C
3,3,1_21575896_A/G
4,4,1_215844294_C/T
9,9,1_215900181_T/C
3,3,1_216250931_G/A
1,1,1_216325305_C/T
9,9,1_216325499_G/T
10,10,1_22129734_G/A
3,4,1_222648840_A/G
16,18,1_228175028_A/G
118,214,1_231241456_G/C
13,17,1_24337687_C/T
4,5,1_26892473_G/A
2,2,1_39850120_T/C
13,15,1_40314352_C/T
65,89,1_40818620_C/T
13,33,1_45015006_G/A
5,5,1_45331809_C/T
1,1,1_45332574_C/T
1,1,1_45333097_C/T
17,17,1_45507550_G/A
11,14,1_58689038_C/T
6,14,1_68448625_T/C
5,8,1_75733628_G/A
12,12,1_9262273_G/A
4,4,1_94005441_C/T
5,7,1_94021846_C/A
14,15,1_94029445_C/T
9,9,1_94031778_C/T
17,24,1_94037181_G/C
5,5,1_94098794_C/A
5,5,1_94098794_C/G
26,44,20_3082801_C/T
8,8,20_33757324_T/G
49,60,20_44407402_G/A
23,28,20_44418499_C/T
3,4,20_4699979_A/G
61,120,20_58891834_C/A
7,9,20_63414102_G/A
5,6,20_761824_C/T
3,3,21_33582179_G/A
2,2,21_41237729_G/A
6,6,21_42485804_C/T
12,15,21_43774658_C/T
208,437,21_43776204_C/T
5,5,21_46116677_G/A
15,16,21_46277528_T/C
3,6,22_19482818_C/T
3,3,22_19494594_G/A
8,8,22_20989682_G/A
21,26,22_24495496_C/T
11,21,22_29642285_G/A
39,52,22_31857553_G/A
6,6,22_37084727_C/T
19,21,22_38132831_C/T
22,24,22_38132958_C/A
32,42,22_38143105_C/T
17,18,22_39381875_C/T
8,8,22_40358999_C/A
90,205,22_50526002_A/T
2,2,22_50625589_G/A
1,1,2_112010066_G/A
7,8,2_127426227_G/A
14,16,2_151682662_C/T
1,1,2_15178988_C/G
13,16,2_165373347_G/A
3,3,2_166045043_C/T
1,1,2_166052853_T/A
1,1,2_166052853_T/C
8,8,2_168993711_C/G
2,2,2_169503178_G/C
3,3,2_178759120_G/A
8,9,2_189001450_G/A
5,7,2_1917244_G/A
9,9,2_201754610_G/C
3,3,2_202519034_G/T
2,2,2_214947422_C/T
3,3,2_218661293_A/T
4,4,2_218813096_G/C
6,7,2_219032470_C/T
3,3,2_222642891_G/A
2,2,2_224503793_C/T
2,2,2_224503808_T/C
2,2,2_227253337_G/A
1,1,2_229813870_C/T
6,6,2_25274941_C/T
2,2,2_27312494_C/T
147,310,2_32063993_C/T
2,2,2_32127022_G/A
6,14,2_32128476_A/G
1,1,2_32141946_G/A
1,1,2_3478933_G/A
8,9,2_46950526_G/A
2,2,2_47408484_A/C
18,27,2_47429940_A/G
2,2,2_47480871_G/A
7,9,2_47803664_C/T
1,1,2_55645353_A/C
2,2,2_58160108_C/T
7,22,2_70961022_G/A
1,1,2_71503235_C/G
4,5,2_71520904_T/G
30,33,2_86252008_C/A
5,5,2_86254694_C/T
7,7,2_98396781_G/A
220,505,3_10142069_C/A
1,1,3_10146587_A/G
1,1,3_10146635_A/C
7,7,3_10149804_C/A
6,6,3_120644340_G/A
13,13,3_120646973_C/T
25,28,3_120682097_C/T
25,34,3_128481939_G/A
50,68,3_128483896_C/T
34,51,3_128485949_G/A
3,3,3_15453846_G/A
4,5,3_15642057_G/A
1,1,3_160285804_C/T
200,459,3_184248776_G/A
10,10,3_193638065_G/A
1,1,3_193643049_G/A
6,9,3_23887699_G/A
2,3,3_25737407_G/A
2,2,3_30688511_G/A
8,10,3_33068970_C/A
1,1,3_37008903_C/T
2,2,3_37042331_G/A
2,2,3_37042331_G/T
7,8,3_37048609_G/A
3,3,3_38557231_C/A
8,8,3_38603712_C/T
9,9,3_41234297_G/C
6,9,3_48565637_T/C
5,6,3_48570134_C/T
3,3,3_48570639_C/T
12,14,3_48572127_C/T
12,14,3_48572133_G/A
14,15,3_48572671_C/T
5,5,3_48575867_C/T
3,3,3_48576249_C/T
3,3,3_48576400_C/T
2,2,3_48578354_G/A
1,1,3_48578453_C/T
2,2,3_48580031_C/T
3,3,3_48580897_G/A
5,5,3_48584910_C/T
3,3,3_48586227_C/T
14,18,3_49419260_C/T
7,7,3_49419401_G/A
31,41,3_49421492_C/T
4,4,3_52362390_G/A
6,6,3_52407958_C/T
1,1,3_57198891_G/A
4,4,3_58134772_G/A
1,1,3_69949096_C/T
1,1,3_97791825_A/G
26,41,4_1003470_G/A
3,6,4_127938784_T/C
5,5,4_186280383_G/T
5,5,4_186588985_C/T
7,12,4_3476523_C/T
1,1,4_39216209_T/C
8,9,4_73409469_T/A
5,5,4_87981501_C/T
3,3,4_88131061_C/T
2,2,4_99611453_G/A
1,1,5_112801383_G/A
4,4,5_112819262_G/A
2,3,5_112827247_G/A
4,4,5_112835076_G/T
1,1,5_112837646_G/A
6,7,5_1219007_C/T
1,1,5_126568296_C/G
1,1,5_126568296_C/T
1,2,5_13777289_G/A
2,4,5_13829510_C/T
1,1,5_14401064_G/A
6,6,5_150379042_G/A
9,20,5_150389996_C/T
8,9,5_150393383_A/C
1,1,5_179615591_T/C
4,4,5_37017162_G/A
8,8,5_37049166_G/T
12,17,5_37187733_C/T
2,2,5_42711311_C/T
4,8,5_60890889_C/T
12,15,5_73909897_G/A
16,19,5_88804598_C/T
17,17,5_90644869_G/A
1,1,6_105133412_A/G
1,1,6_129270671_T/A
12,12,6_138912765_C/T
5,5,6_157174117_G/A
17,20,6_157198907_G/A
9,10,6_157203996_G/A
2,2,6_166931044_C/T
9,10,6_33432252_G/A
3,3,6_44306494_C/T
2,2,6_45491993_C/T
2,2,6_49457691_C/T
1,1,6_51903693_G/A
3,3,6_73644407_C/T
6,6,7_100627907_C/T
3,3,7_105062278_G/A
3,3,7_105062278_G/T
7,7,7_105063428_A/G
101,257,7_107661803_C/T
6,8,7_107663356_C/G
5,5,7_107690180_G/A
2,2,7_107710169_T/G
3,3,7_113878248_C/T
2,2,7_117531114_G/A
1,1,7_117590404_C/T
4,6,7_117603553_G/T
15,21,7_117603781_A/C
3,3,7_117627647_G/T
15,17,7_117666946_C/T
4,5,7_129209347_C/T
9,9,7_143323386_G/A
16,18,7_143341996_G/A
6,7,7_150950921_C/T
31,35,7_151181233_G/A
1,1,7_16216066_C/T
9,9,7_2540979_C/G
9,9,7_2540979_C/T
2,4,7_30977322_G/A
105,114,7_44147652_C/T
103,111,7_44147661_G/T
7,7,7_44149773_G/C
5,5,7_44149969_C/A
7,8,7_44150980_A/C
5,5,7_44153302_T/G
4,5,7_44188909_C/T
1,1,7_45064001_G/A
75,116,7_5995534_C/T
5,5,7_65967767_G/A
8,8,7_66633424_C/T
11,21,7_87423906_C/T
1,1,7_87439667_C/T
2,2,7_92235403_C/T
2,2,7_94416503_G/A
1,1,7_94428363_T/A
186,422,7_96321942_C/T
2,2,8_10608944_C/G
5,5,8_10612319_C/A
3,3,8_142876241_C/A
3,3,8_142876241_C/T
6,11,8_22163546_G/A
7,23,8_31067089_A/G
1,1,8_37753529_G/A
6,6,8_38421849_C/T
4,4,8_38424509_C/T
1,1,8_42839186_C/T
53,81,8_54629384_G/A
71,94,8_60781011_G/A
13,15,8_60838255_G/A
2,2,8_61553031_C/T
5,5,8_99135724_T/G
5,5,8_99135733_G/A
2,2,9_120974779_C/T
6,7,9_120974845_G/A
7,9,9_124483003_A/G
7,9,9_124483004_A/G
12,12,9_124493069_G/A
11,11,9_124500609_G/C
11,11,9_124500621_A/T
7,7,9_127658448_G/A
7,7,9_127658451_G/A
1,1,9_127673258_G/A
1,1,9_127673261_G/A
9,9,9_127678526_C/T
9,9,9_127678532_G/A
15,16,9_127818719_C/A
7,7,9_127819622_C/A
7,7,9_127819622_C/T
6,6,9_127819624_G/T
6,6,9_127819631_T/C
6,6,9_127819634_T/C
8,9,9_127824324_G/A
13,16,9_127829690_G/C
13,16,9_127829693_C/T
12,12,9_127843094_C/T
11,11,9_127843115_G/A
13,14,9_133354670_A/C
13,14,9_133354673_G/T
6,6,9_134732115_G/A
6,6,9_134732127_G/A
2,2,9_134815611_C/T
2,2,9_134815614_A/C
2,2,9_134815629_G/T
12,13,9_136370327_C/T
7,7,9_137817496_G/A
7,7,9_137817511_C/T
10,20,9_21971188_G/A
3,3,9_336688_C/T
2,2,9_336718_G/A
6,6,9_34485237_T/C
2,2,9_34649516_T/G
2,2,9_34649519_C/G
2,2,9_34649519_C/T
2,2,9_34649522_C/T
15,15,9_34658614_G/A
15,16,9_34658683_G/A
1,1,9_36223377_T/C
7,10,9_36236890_C/T
7,10,9_36236892_A/G
22,25,9_69248218_C/T
22,25,9_69248224_G/A
1,1,9_74792624_C/T
1,1,9_74792669_G/A
1,1,9_77365564_T/C
1,1,9_77365573_G/A
9,11,9_77407604_C/G
9,11,9_77407607_G/A
13,17,9_95125086_C/T
13,17,9_95125089_C/T
10,11,9_95477547_C/T
11,13,9_95477562_G/A
9,9,9_97441845_A/G
9,9,9_97441875_G/A
8,41,X_101357510_G/A
8,40,X_101357513_T/C
4,4,X_101358401_A/G
4,4,X_101358404_C/T
4,6,X_101358652_G/A
2,2,X_101374536_C/T
2,2,X_101374542_C/T
2,2,X_101374587_A/G
3,3,X_103786681_G/A
3,3,X_103786699_G/A
3,3,X_103786702_A/G
3,3,X_103786709_C/T
13,17,X_103789380_A/T
13,17,X_103789398_G/A
3,5,X_108601982_T/C
1,1,X_108606852_T/C
1,1,X_108606870_A/G
1,1,X_108677615_A/G
1,1,X_108677618_A/C
2,2,X_120446305_C/T
2,2,X_120446314_G/A
2,2,X_120532422_C/T
5,5,X_120532539_A/C
1,1,X_129567346_A/C
1,1,X_129567346_A/T
33,48,X_13735340_A/G
31,46,X_13735346_G/A
2,2,X_13753440_A/G
2,2,X_13755215_A/G
5,6,X_139530824_A/G
1,1,X_139548490_A/C
3,3,X_149486983_G/T
5,5,X_149487013_A/T
5,5,X_149487016_A/G
2,2,X_149496346_C/T
3,3,X_149496367_A/C
3,3,X_149498110_G/A
10,12,X_150619112_A/G
10,12,X_150619115_C/T
10,12,X_150619127_G/T
10,11,X_150619139_G/C
1,1,X_150659732_T/C
3,3,X_153693166_G/T
4,6,X_153736245_G/A
4,6,X_153736254_G/A
6,7,X_153870123_G/A
5,6,X_153870138_G/T
9,13,X_153870835_T/G
9,13,X_153870839_G/A
12,63,X_153871127_C/A
12,63,X_153871130_T/C
22,28,X_153905770_G/A
21,27,X_153905782_A/G
3,3,X_154032224_A/G
4,4,X_154032230_C/A
70,155,X_154097618_G/A
71,157,X_154097621_T/G
4,4,X_154354825_C/T
6,6,X_154354834_G/A
7,7,X_154354837_G/A
7,7,X_154354840_G/A
8,8,X_154354888_G/A
8,8,X_154354891_C/T
8,10,X_154362267_G/A
8,10,X_154362273_C/T
11,13,X_154364616_G/A
10,12,X_154364625_G/A
15,16,X_154366562_C/T
16,17,X_154366574_C/A
8,8,X_154534349_G/A
8,8,X_154534349_G/C
18,20,X_154535991_G/C
1,1,X_154902058_G/A
1,1,X_154902100_G/A
2,2,X_154904507_T/A
3,3,X_154904811_C/G
3,3,X_154904811_C/T
3,3,X_154904880_T/C
3,3,X_154904904_G/C
3,3,X_154904967_A/C
1,1,X_154931573_C/T
2,2,X_154953929_A/G
2,2,X_154953947_A/G
3,10,X_154987238_T/C
2,2,X_18604022_C/T
2,2,X_18604023_C/T
1,1,X_18609539_T/C
2,2,X_18609569_A/G
5,5,X_19353107_G/A
5,5,X_19353140_C/T
3,3,X_19353146_C/T
3,3,X_19353164_G/C
2,2,X_19354532_T/C
2,2,X_19354535_A/G
2,2,X_19354547_C/G
3,3,X_19354550_C/T
2,2,X_19355477_G/A
3,3,X_21743795_T/C
1,1,X_22077543_C/T
2,2,X_22077618_G/A
2,2,X_22077630_A/G
2,2,X_22178305_C/T
1,1,X_22221623_T/C
3,3,X_31479023_C/T
3,3,X_31479026_C/T
48,62,X_32448474_C/A
48,62,X_32448474_C/G
1,1,X_32454662_C/T
1,1,X_32454677_T/C
2,2,X_32463442_T/C
8,13,X_37782133_C/A
7,12,X_37782135_G/A
10,13,X_37783582_C/T
10,13,X_37783591_T/C
9,12,X_37783600_G/T
3,3,X_37801336_G/C
1,1,X_38408786_T/C
2,3,X_38409010_C/T
2,3,X_38409025_G/A
1,1,X_40597269_C/T
1,1,X_40597272_T/C
1,2,X_40597293_C/T
1,2,X_40597305_G/A
1,1,X_40600857_G/A
2,2,X_41534957_A/G
2,2,X_41534960_T/C
55,69,X_41559779_C/T
55,69,X_41559788_C/T
1,1,X_41636578_C/T
1,1,X_41636584_T/C
125,189,X_46837196_C/T
122,183,X_46837202_G/A
1,1,X_47241303_C/T
1,1,X_47242504_G/A
2,2,X_48684405_C/T
2,2,X_48684423_G/A
3,4,X_48686908_G/T
3,4,X_48686911_G/A
1,1,X_48688096_C/T
2,2,X_48791325_C/T
2,2,X_48791328_A/G
3,3,X_49075875_C/T
64,101,X_49230486_C/T
6,7,X_53235801_C/T
6,7,X_53235810_G/A
2,2,X_53409468_C/T
22,22,X_55014771_G/A
3,3,X_63665907_G/A
1,1,X_63674038_C/T
1,1,X_63674044_G/A
3,3,X_63678393_G/A
3,3,X_63678396_G/T
1,1,X_64919042_C/T
1,1,X_64919075_C/T
1,1,X_64921817_C/A
1,1,X_64921832_G/A
5,39,X_65529212_C/G
5,39,X_65529221_C/T
12,20,X_67722837_T/C
11,20,X_67723757_G/A
44,75,X_68829806_C/T
45,69,X_68829848_C/T
6,43,X_70033402_T/G
6,43,X_70033405_A/G
36,53,X_71108277_C/T
31,48,X_71108289_G/A
25,36,X_71108313_T/C
3,3,X_71297926_C/T
4,4,X_71297938_G/A
2,2,X_71397363_C/A
17,21,X_77447701_C/A
14,17,X_78020395_A/G
13,16,X_78020398_G/A
1,1,X_78117320_C/T
2,2,X_78118168_C/T
1,1,X_85900658_A/G
2,2,X_9760720_A/G
4,4,10_121517371_C/T
1,1,10_17041033_C/T
39,53,10_17123588_C/T
12,12,10_43114490_C/T
12,12,10_43114547_G/A
2,2,10_43118386_G/A
2,2,10_49745810_A/G
3,3,10_71362188_T/A
5,5,10_71819031_C/T
3,3,11_102625217_T/G
100,150,11_103109769_G/T
1,1,11_108294977_A/C
1,1,11_108301789_G/A
5,6,11_108316023_T/C
2,2,11_108320057_A/C
1,1,11_108365430_A/G
5,5,11_118484975_G/A
210,447,11_119085066_G/A
8,8,11_121589389_C/T
4,4,11_2572986_G/A
11,14,11_32391982_T/C
5,5,11_47343533_G/T
3,3,11_48325054_C/T
5,5,11_5226618_G/A
12,14,11_5226947_A/T
17,19,11_5226971_G/A
7,7,11_64807906_G/T
52,70,11_6618780_T/C
6,6,11_67611569_G/A
7,7,11_68812447_G/A
7,8,11_74093818_G/A
1,1,12_101780152_C/T
1,1,12_110323047_A/G
2,2,12_112453351_C/T
1,1,12_25245346_G/T
19,55,12_47855683_G/C
2,2,12_49048659_C/T
257,656,12_57782858_G/A
2,3,13_100368574_G/A
2,3,13_100368574_G/C
1,1,13_48307406_G/A
3,3,13_48364971_G/A
16,19,13_51958521_G/A
4,9,13_51960148_C/T
13,16,13_51970547_G/A
3,3,13_51974098_G/C
130,232,14_24081346_G/T
8,9,14_50937736_C/T
3,3,14_94382686_G/A
72,130,14_95535383_A/G
28,29,15_27532602_C/T
3,4,15_31060544_C/T
7,9,15_42384521_C/A
7,14,15_48465575_C/T
3,3,15_48465791_T/C
4,6,15_57232427_C/G
2,2,15_72353068_C/T
3,3,15_73947223_G/A
5,5,15_80172238_C/T
3,3,15_89260843_G/A
11,13,15_89317497_G/T
2,2,15_92953573_G/A
2,2,15_98707851_T/C
4,5,16_1524552_C/T
7,7,16_1592469_G/A
1,1,16_16154873_C/T
1,1,16_2072983_G/A
7,7,16_2079161_A/G
7,9,16_2084371_C/T
14,15,16_2090285_C/T
16,18,16_2090674_C/T
22,25,16_2092492_G/T
15,16,16_2092592_C/G
5,5,16_2319581_C/T
6,7,16_3243195_C/A
4,4,16_3658865_C/T
5,5,16_57915297_A/G
20,21,16_68811859_G/A
15,16,16_70255728_C/T
18,20,16_88713447_G/A
11,11,16_89744961_G/A
6,6,16_89784854_C/T
12,13,17_18166434_C/T
109,160,17_28735371_G/A
1,1,17_31235733_C/T
32,33,17_40820511_C/T
12,14,17_43071162_G/C
13,15,17_44910142_G/T
14,16,17_46010339_T/C
13,17,17_46010402_T/C
18,20,17_47292309_C/T
15,18,17_61849129_C/T
8,8,17_7196757_C/T
31,35,17_7221612_C/A
37,44,17_7222865_G/A
5,5,17_7224491_T/C
18,20,17_75522332_A/G
16,21,17_75733643_C/T
11,16,17_7675994_C/A
11,16,17_7675994_C/G
11,12,17_80105096_C/T
32,43,17_80105893_C/T
15,18,17_80107722_G/A
7,9,18_21508587_C/T
2,2,18_31079989_C/T
5,5,18_59338826_T/C
1,1,18_59347513_C/T
2,2,18_63335257_C/T
27,27,19_11110683_C/G
23,25,19_11113307_C/A
13,15,19_11116966_C/T
77,95,19_11120521_A/G
3,3,19_12892177_A/G
1,1,19_17837148_G/A
11,11,19_32862479_G/A
8,8,19_32864744_C/T
50,92,19_35846051_G/A
4,5,19_36091280_C/T
15,15,19_38463527_G/C
7,8,19_45352542_G/A
5,5,19_855764_C/G
5,5,19_855767_G/A
9,9,1_113911399_C/T
1,1,1_115740767_G/A
8,8,1_11957014_G/A
34,91,1_156130731_G/A
7,7,1_156135312_G/A
14,16,1_156136095_C/T
22,24,1_156138610_G/A
9,9,1_156864360_C/T
2,2,1_158657477_C/T
8,11,1_158676167_T/C
4,4,1_161168127_G/A
10,11,1_161306877_C/A
11,12,1_161306880_C/T
10,11,1_168291244_G/A
2,2,1_173909553_T/C
2,2,1_183564005_C/T
6,6,1_19223396_C/T
10,11,1_209801240_C/T
7,7,1_211978272_C/A
13,14,1_21864100_C/T
9,27,1_23798615_C/T
13,15,1_40314352_C/G
8,8,1_42927626_G/A
16,27,1_62528151_C/T
5,7,1_62834852_G/A
1,1,1_6825210_G/A
3,3,1_68438214_T/C
1,1,1_75749499_A/G
5,5,1_94001046_C/T
2,2,1_94011383_C/T
5,7,1_94021846_C/G
4,4,1_94030511_G/A
2,2,1_94077690_C/T
3,5,20_44624202_C/T
5,7,20_46123130_A/T
2,3,20_57335907_G/A
4,5,21_46114073_G/A
10,11,22_17203563_C/T
102,251,22_18078604_C/T
4,4,22_25221483_G/A
3,3,22_28734485_T/C
10,14,22_29661339_G/A
8,9,22_50627166_C/T
15,24,2_112001285_C/A
28,32,2_11767858_G/A
2,2,2_151551738_C/T
19,23,2_151569268_C/T
1,1,2_15178988_C/A
1,1,2_1540723_G/A
11,11,2_168935237_T/C
5,10,2_168970045_C/T
4,6,2_168971847_C/T
20,22,2_174753594_G/A
1,1,2_190249640_C/T
1,1,2_19914054_C/T
1,1,2_202464978_A/G
3,3,2_218661526_C/T
17,39,2_222295529_T/C
1,1,2_227077895_T/C
4,5,2_227253638_G/T
2,5,2_237361739_C/T
1,1,2_32114735_T/G
1,1,2_32126956_A/G
40,73,2_38074618_A/C
6,6,2_71515751_G/A
1,1,3_10146635_A/T
5,5,3_132689152_G/A
5,9,3_183094560_T/A
1,1,3_193645624_A/G
30,40,3_193662962_G/A
1,1,3_33016727_T/C
3,3,3_38554373_G/A
3,3,3_38557231_C/T
33,56,3_47017638_C/T
13,15,3_48572725_C/G
7,9,3_48574262_C/A
5,5,3_48580300_C/T
1,1,3_48589627_T/C
6,11,3_50379092_C/T
6,6,3_52222681_C/G
4,4,3_69964897_G/A
1,1,3_70970736_C/T
16,20,3_9943499_G/T
39,89,4_102579014_G/A
7,8,4_102723865_T/C
1,1,4_16016166_C/T
7,7,4_176727778_C/T
38,148,4_25145092_C/T
44,66,4_3463423_C/T
5,6,4_3476424_C/T
1,1,4_88036353_G/A
102,172,5_126595040_G/A
1,1,5_147828114_A/G
1,1,5_147829602_T/C
2,2,5_148088605_G/A
4,4,5_149907345_G/A
9,21,5_150390023_G/A
28,60,5_177607329_G/A
3,3,5_180630225_C/T
1,1,5_33963691_C/T
2,2,5_36958218_A/G
2,2,5_37059103_G/A
1,1,5_37165539_C/T
2,2,5_41154972_G/T
2,2,5_64785579_G/A
1,1,5_75596385_G/A
3,6,5_87380509_G/T
9,9,6_129328412_G/A
2,2,6_129366361_G/A
13,13,6_42057513_G/A
1,1,7_107701928_G/A
2,2,7_124870911_C/T
5,7,7_138739540_C/T
1,1,7_142943328_G/A
3,4,7_143316392_G/A
25,109,7_143321848_G/A
6,7,7_150950921_C/G
15,16,7_150957291_C/T
19,37,7_157005856_C/T
3,3,7_16308523_C/T
25,35,7_44074487_G/A
7,8,7_44150956_C/T
5,5,7_44153302_T/C
5,5,7_50499148_C/T
3,4,7_5711761_C/T
109,193,7_5995612_T/C
2,2,7_81752250_C/T
2,3,7_94408823_G/A
11,13,7_99391253_G/A
3,3,8_132175453_C/T
3,3,8_142876241_C/G
23,27,8_144514442_C/T
4,4,8_42430167_G/A
12,12,9_124493030_C/T
15,16,9_127818716_C/T
7,7,9_127819622_C/G
7,7,9_127824304_C/G
2,2,9_134815629_G/A
10,11,9_136370294_C/T
10,20,9_21971194_G/A
6,6,9_34485240_G/A
4,6,X_101358649_T/C
2,2,X_101374536_C/A
3,3,X_103786714_A/T
4,4,X_103786726_G/A
2,4,X_108601988_A/G
1,1,X_108606855_A/G
1,1,X_132097298_C/T
3,4,X_139530851_A/G
3,3,X_149486983_G/A
3,3,X_149498107_C/T
3,3,X_153693175_G/A
17,19,X_154535985_G/A
5,5,X_19353110_A/G
3,3,X_19353161_C/T
2,2,X_19355483_C/T
2,2,X_21743750_C/T
2,2,X_22178320_C/T
1,1,X_32463439_C/T
9,12,X_37783600_G/A
3,3,X_37801348_G/A
1,1,X_38408795_G/A
3,3,X_49075866_C/G
64,101,X_49230485_G/A
2,2,X_53409423_G/A
18,18,X_55014747_C/G
2,2,X_63665886_C/T
12,19,X_67722831_A/T
11,20,X_67723745_C/T
36,53,X_71108277_C/G
1,1,X_71398599_A/G
1,1,X_85900646_C/T
2,2,X_9760717_C/T
