variant38,peak,m6a_region
10_100972951_C/T,543,10:100972468-100973010
10_100989672_C/T,8476,10:100981409-100989884
10_27537931_A/G,4625,10:27533592-27538216
10_43114487_G/A,99,10:43114456-43114554
10_43114544_C/T,99,10:43114456-43114554
10_43114547_G/C,99,10:43114456-43114554
10_53822473_A/G,128,10:53822420-53822547
10_71362185_G/A,1445,10:71361912-71363356
10_71707036_C/T,202,10:71707013-71707214
10_71732372_C/T,247,10:71732133-71732379
10_71819037_C/A,2777,10:71816347-71819123
10_75021995_T/C,4139,10:75021218-75025356
10_79306283_G/A,429,10:79305988-79306416
10_89225167_C/G,199,10:89225146-89225344
11_108316020_A/G,1566,11:108315842-108317407
11_108365141_A/G,646,11:108364999-108365644
11_108365427_A/G,646,11:108364999-108365644
11_119085063_G/A,320,11:119084817-119085136
11_119100778_A/G,1691,11:119100657-119102347
11_121128335_G/A,1780,11:121127869-121129648
11_17544278_C/A,161,11:17544277-17544437
11_2583536_G/C,310,11:2583233-2583542
11_2583539_C/A,310,11:2583233-2583542
11_2583539_C/G,310,11:2583233-2583542
11_32435337_G/A,281,11:32435110-32435390
11_5226932_G/T,180,11:5226905-5227084
11_5226935_C/G,180,11:5226905-5227084
11_5226944_A/G,180,11:5226905-5227084
11_5226968_C/T,180,11:5226905-5227084
11_65526192_C/T,291,11:65526018-65526308
11_6618786_A/G,652,11:6618778-6619429
11_67487155_G/C,6469,11:67483000-67489468
11_68047712_C/T,181,11:68047700-68047880
11_77162147_C/T,151,11:77162095-77162245
11_77181583_C/T,2565,11:77179923-77182487
11_78478603_G/A,146,11:78478597-78478742
12_101761668_A/G,3695,12:101761610-101765304
12_102843657_C/T,245,12:102843652-102843896
12_102843660_G/T,245,12:102843652-102843896
12_102843675_C/T,245,12:102843652-102843896
12_102894895_G/A,172,12:102894882-102895053
12_109574885_C/T,3213,12:109571675-109574887
12_112453348_C/T,4287,12:112453079-112457365
12_14882157_C/T,367,12:14882062-14882428
12_25245349_A/C,5770,12:25245248-25251017
12_32796114_G/T,359,12:32796013-32796371
12_47983721_G/T,1235,12:47982516-47983750
12_47986399_T/C,1796,12:47985071-47986866
12_49022058_G/A,4071,12:49020738-49024808
12_49028831_G/A,2669,12:49026184-49028852
12_49041919_G/A,2174,12:49040213-49042386
12_57782852_C/T,11013,12:57772334-57783346
12_88087792_C/T,4733,12:88083061-88087793
12_88089041_T/G,1563,12:88087872-88089434
12_88140962_T/A,1727,12:88139515-88141241
12_89525196_G/A,17720,12:89522634-89540353
13_110493242_A/G,17389,13:110489324-110506712
13_113117541_C/T,82,13:113117478-113117559
13_113122885_C/T,6682,13:113122823-113129504
13_113129528_G/A,81,13:113129509-113129589
13_32336992_T/C,652,13:32336800-32337451
13_32376788_T/G,3920,13:32375403-32379322
13_32379910_A/G,205,13:32379815-32380019
13_32379910_A/T,205,13:32379815-32380019
13_48373483_C/A,3527,13:48373454-48376980
13_51974101_A/G,3475,13:51970681-51974155
14_102044396_G/A,4627,14:102043959-102048585
14_39158327_C/T,4152,14:39154280-39158431
14_58448363_C/G,4246,14:58444167-58448412
14_77279827_A/C,243,14:77279602-77279844
14_87992973_G/C,245,14:87992930-87993174
14_88385830_C/T,219,14:88385661-88385879
14_92071008_C/T,185,14:92070997-92071181
14_94382683_C/T,2637,14:94380752-94383388
14_95535317_C/T,863,14:95534662-95535524
15_100894016_C/T,320,15:100893698-100894017
15_40001188_T/G,2484,15:39998730-40001213
15_40621755_A/G,5085,15:40620604-40625688
15_42401804_C/A,648,15:42401737-42402384
15_42410620_C/A,410,15:42410484-42410893
15_57232295_G/C,151,15:57232159-57232309
15_63634748_T/C,874,15:63633890-63634763
15_74023299_C/G,26691,15:73998254-74024944
15_92927309_G/A,47979,15:92901162-92949140
15_92953540_G/C,202,15:92953441-92953642
15_98707851_T/A,171344,15:98649540-98820883
16_1507039_T/A,5041,16:1506481-1511521
16_1524564_G/A,310,16:1524496-1524805
16_1592478_G/T,151,16:1592468-1592618
16_16154891_C/T,210,16:16154788-16154997
16_173251_G/T,308,16:172957-173264
16_1792384_G/A,1714,16:1791974-1793687
16_18788078_T/C,6669,16:18787961-18794629
16_2060810_C/T,696,16:2060786-2061481
16_2084368_G/A,3902,16:2082434-2086335
16_2085319_C/G,3902,16:2082434-2086335
16_2090330_G/A,1464,16:2089239-2090702
16_2092154_G/A,1819,16:2091154-2092972
16_2092550_G/A,1819,16:2091154-2092972
16_2115465_C/G,414,16:2115321-2115734
16_2118266_A/G,1116,16:2117271-2118386
16_2288141_G/A,102,16:2288054-2288155
16_23623127_T/G,85,16:23623057-23623141
16_23629228_G/A,4031,16:23626382-23630412
16_23641116_C/T,193,16:23641108-23641300
16_23641140_C/T,193,16:23641108-23641300
16_28894604_C/T,410,16:28894278-28894687
16_30966374_G/A,17298,16:30963538-30980835
16_3243195_C/T,1165,16:3242698-3243862
16_3658832_G/A,14383,16:3651084-3665466
16_5083754_G/A,106,16:5083733-5083838
16_57915288_G/A,3169,16:57912981-57916149
16_68737460_G/A,370,16:68737144-68737513
16_68828208_G/A,153,16:68828105-68828257
16_70255740_G/A,6659,16:70254644-70261302
16_88646194_G/A,482,16:88646010-88646491
16_88713432_C/T,1307,16:88712129-88713435
16_88719622_G/A,2367,16:88719236-88721602
16_89694713_C/A,1739,16:89694612-89696350
17_31229324_G/T,544,17:31228918-31229461
17_3656789_G/A,6737,17:3654677-3661413
17_41769424_C/T,13177,17:41758308-41771484
17_42910994_C/T,142,17:42910978-42911119
17_43047686_C/G,3751,17:43045400-43049150
17_43067618_A/G,248,17:43067479-43067726
17_44349545_C/T,3572,17:44346156-44349727
17_44351768_G/A,1912,17:44351161-44353072
17_44879559_C/T,3640,17:44876069-44879708
17_47292285_T/C,7272,17:47292125-47299396
17_4900852_G/A,794,17:4900338-4901131
17_4937854_G/A,778,17:4937189-4937966
17_5000845_T/C,3450,17:4997936-5001385
17_50190372_A/T,230,17:50190332-50190561
17_50199559_G/T,464,17:50199254-50199717
17_61849138_A/T,40715,17:61808436-61849150
17_7196934_G/A,246,17:7196886-7197131
17_7221612_C/T,2104,17:7221412-7223515
17_7222273_G/A,2104,17:7221412-7223515
17_7222862_G/A,2104,17:7221412-7223515
17_7223866_C/T,1718,17:7223604-7225321
17_7224214_G/C,1718,17:7223604-7225321
17_7224494_G/A,1718,17:7223604-7225321
17_75517057_G/A,708,17:75516531-75517238
17_75522257_G/A,3816,17:75519046-75522861
17_75522323_C/T,3816,17:75519046-75522861
17_75727484_G/A,747,17:75727065-75727811
17_75736383_G/A,399,17:75736209-75736607
17_75762869_G/A,455,17:75762817-75763271
17_7676000_A/T,528,17:7675851-7676378
17_7676003_C/A,528,17:7675851-7676378
17_80105099_G/C,4900,17:80102722-80107621
17_80105111_T/C,4900,17:80102722-80107621
17_80105129_C/T,4900,17:80102722-80107621
17_80105886_C/T,4900,17:80102722-80107621
17_80107719_C/A,169,17:80107700-80107868
17_80110044_C/T,2480,17:80108290-80110769
17_80113021_C/T,306,17:80112996-80113301
17_80213823_G/C,856,17:80213592-80214447
17_82929497_G/A,82,17:82929425-82929506
18_31079974_A/T,5561,18:31074817-31080377
18_57571537_C/T,169,18:57571493-57571661
18_57694585_G/A,98621,18:57641960-57740580
18_70109684_C/T,154,18:70109603-70109756
19_11102773_C/T,2307,19:11100567-11102873
19_11102776_G/A,2307,19:11100567-11102873
19_11105437_G/A,6543,19:11104221-11110763
19_11105575_G/A,6543,19:11104221-11110763
19_11110683_C/T,6543,19:11104221-11110763
19_11113306_C/T,2161,19:11111579-11113739
19_11113679_G/C,2161,19:11111579-11113739
19_11120509_G/A,7445,19:11120165-11127609
19_1220502_C/T,31642,19:1189620-1221261
19_1223105_G/T,2100,19:1221664-1223763
19_1226605_C/A,461,19:1226306-1226766
19_12806736_C/T,94335,19:12778406-12872740
19_12806754_G/A,94335,19:12778406-12872740
19_12891518_T/C,1005,19:12891160-12892164
19_17486848_G/A,3436,19:17484056-17487491
19_18075801_C/A,4091,19:18072211-18076301
19_36083203_C/G,3569,19:36083153-36086721
19_38916085_G/T,1044,19:38915242-38916285
19_41410810_C/T,448,19:41410533-41410980
19_42287545_C/A,3292,19:42286636-42289927
19_45352542_G/T,2346,19:45350230-45352575
19_49865130_G/C,1347,19:49864215-49865561
19_5039901_G/A,1310,19:5039845-5041154
19_54122588_G/C,12957,19:54118772-54131728
19_54124593_T/C,12957,19:54118772-54131728
19_54128362_T/A,12957,19:54118772-54131728
19_54143150_C/T,1098,19:54142784-54143881
19_7533648_C/T,2657,19:7533560-7536216
19_855761_T/C,5622,19:850657-856278
19_855782_C/T,5622,19:850657-856278
1_109236443_G/A,224,1:109236281-109236504
1_113911432_C/G,2691,1:113910996-113913686
1_11793916_G/A,104,1:11793841-11793944
1_11794385_C/A,121,1:11794340-11794460
1_11957005_G/C,2135,1:11954875-11957009
1_11960753_C/T,6797,1:11957881-11964677
1_150511525_C/T,1133,1:150511390-150512522
1_150558634_C/T,1831,1:150557612-150559442
1_156130732_C/T,5531,1:156129865-156135395
1_156134972_C/T,5531,1:156129865-156135395
1_156135306_G/A,5531,1:156129865-156135395
1_156135915_G/A,777,1:156135755-156136531
1_156136092_C/T,777,1:156135755-156136531
1_156136102_T/C,777,1:156135755-156136531
1_156136119_G/A,777,1:156135755-156136531
1_156137725_C/T,399,1:156137534-156137932
1_156138607_G/A,870,1:156138361-156139230
1_156138613_C/A,870,1:156138361-156139230
1_156138703_G/A,870,1:156138361-156139230
1_156138754_C/T,870,1:156138361-156139230
1_161168055_G/A,156,1:161167933-161168088
1_19223411_T/C,30413,1:19210034-19240446
1_19239827_G/A,30413,1:19210034-19240446
1_198696722_A/G,162,1:198696612-198696773
1_209617424_A/G,3900,1:209614889-209618788
1_21864109_C/T,8178,1:21857162-21865339
1_22129731_C/T,14380,1:22129440-22143819
1_222628597_C/T,7354,1:222624835-222632188
1_228174989_C/T,1353,1:228174604-228175956
1_231241447_C/T,2737,1:231238766-231241502
1_26911947_G/A,11024,1:26911208-26922231
1_40314262_G/A,1217,1:40314210-40315426
1_40314376_C/A,1217,1:40314210-40315426
1_45014964_A/G,341,1:45014646-45014986
1_45331809_C/A,669,1:45331286-45331954
1_45332583_G/A,499,1:45332482-45332980
1_62688259_G/T,22124,1:62687627-62709750
1_68448628_T/C,407,1:68448379-68448785
1_75749493_T/C,3882,1:75745666-75749547
1_9262297_C/T,30880,1:9234774-9265653
1_94008265_G/A,148,1:94008194-94008341
20_33757339_G/A,1474,20:33757280-33758753
20_44407384_T/C,1250,20:44406141-44407390
20_44624205_G/A,3525,20:44622899-44626423
20_4699904_A/G,13255,20:4686693-4699947
20_57266093_C/T,936,20:57265755-57266690
20_58891837_C/T,4154,20:58891039-58895192
20_63414093_G/C,741,20:63413385-63414125
21_14109008_T/G,55083,21:14089026-14144108
21_33582221_T/G,388,21:33581971-33582358
21_43774679_C/T,331,21:43774571-43774901
21_43776216_G/A,368,21:43776080-43776447
21_46114061_C/T,11712,21:46113860-46125571
21_46116674_C/T,11712,21:46113860-46125571
21_46277531_C/T,5016,21:46272606-46277621
22_17203599_G/A,430,22:17203196-17203625
22_18078601_G/T,2331,22:18077784-18080114
22_19496002_C/T,12114,22:19483895-19496008
22_20989679_G/A,809,22:20989647-20990455
22_24495493_T/C,4950,22:24495205-24500154
22_28734482_A/C,297,22:28734467-28734763
22_38132960_C/T,151,22:38132947-38133097
22_39350070_G/A,243,22:39349944-39350186
22_40359002_T/C,4961,22:40354320-40359280
22_50526008_C/T,11702,22:50520829-50532530
22_50625592_G/A,1796,22:50623838-50625633
22_50627181_C/T,263,22:50626954-50627216
2_151682671_G/T,2742,2:151680006-151682747
2_1540717_G/A,23902,2:1516964-1540865
2_178542268_G/A,797,2:178542158-178542954
2_178578630_A/G,6458,2:178576191-178582648
2_189001432_T/C,462,2:189001217-189001678
2_189010881_T/C,169,2:189010837-189011005
2_189079990_T/G,7952,2:189072052-189080003
2_190252275_A/G,90,2:190252260-190252349
2_1917239_G/A,25875,2:1917239-1943113
2_19914132_T/C,386,2:19914045-19914430
2_202464912_C/T,205,2:202464750-202464954
2_222295550_A/G,1528,2:222294043-222295570
2_224503049_C/T,155,2:224502985-224503139
2_224503820_T/C,170,2:224503780-224503949
2_237361748_G/A,135,2:237361649-237361783
2_25274971_C/G,6591,2:25274956-25281546
2_27312500_T/C,475,2:27312408-27312882
2_27449550_A/G,151,2:27449512-27449662
2_3478927_C/T,6184,2:3478891-3485074
2_38074627_C/T,38988,2:38070685-38109672
2_47480868_A/G,31733,2:47480587-47512319
2_58160120_T/C,20298,2:58139831-58160128
2_98396778_C/G,1086,2:98396305-98397390
3_10142069_C/G,8899,3:10141715-10150613
3_10146518_C/T,8899,3:10141715-10150613
3_10146590_T/G,8899,3:10141715-10150613
3_10146632_G/A,8899,3:10141715-10150613
3_10146632_G/T,8899,3:10141715-10150613
3_10149803_G/A,8899,3:10141715-10150613
3_120682106_A/T,6558,3:120675805-120682362
3_128481939_G/C,1821,3:128480136-128481956
3_128483899_A/G,4637,3:128483769-128488405
3_128485953_C/T,4637,3:128483769-128488405
3_15453870_G/A,2055,3:15453865-15455919
3_15642045_C/T,3827,3:15641980-15645806
3_183094587_T/C,4051,3:183094566-183098616
3_184248827_C/T,798,3:184248751-184249548
3_193645609_T/C,1528,3:193645602-193647129
3_193648083_C/T,151,3:193647972-193648122
3_193648095_A/G,151,3:193647972-193648122
3_23917877_C/T,413,3:23917724-23918136
3_30688508_C/T,3790,3:30688079-30691868
3_38603721_C/T,5878,3:38598932-38604809
3_41234291_A/G,1662,3:41234149-41235810
3_47017656_A/G,21089,3:47016752-47037840
3_48565646_T/C,3251,3:48564072-48567322
3_48570137_G/A,3849,3:48567345-48571193
3_48570645_C/A,3849,3:48567345-48571193
3_48572139_C/A,4800,3:48571939-48576738
3_48572139_C/T,4800,3:48571939-48576738
3_48572677_A/G,4800,3:48571939-48576738
3_48572734_T/A,4800,3:48571939-48576738
3_48574274_A/G,4800,3:48571939-48576738
3_48575873_G/T,4800,3:48571939-48576738
3_48576255_A/G,4800,3:48571939-48576738
3_48576424_C/T,4800,3:48571939-48576738
3_48578354_G/T,8184,3:48576889-48585072
3_48578465_G/A,8184,3:48576889-48585072
3_48580034_C/A,8184,3:48576889-48585072
3_48580306_C/T,8184,3:48576889-48585072
3_48580897_G/T,8184,3:48576889-48585072
3_48584919_A/C,8184,3:48576889-48585072
3_48586229_A/G,732,3:48585731-48586462
3_52407961_A/T,728,3:52407278-52408005
3_58134754_G/C,5782,3:58132683-58138464
3_69964891_A/T,6306,3:69959299-69965604
3_70977685_T/A,23349,3:70977647-71000995
3_98532399_C/T,41345,3:98521068-98562412
3_9943478_G/A,645,3:9942888-9943532
4_1003467_G/C,283,4:1003274-1003556
4_186589045_G/A,2005,4:186588396-186590400
4_3463423_C/G,10151,4:3463281-3473431
4_3476421_C/A,11136,4:3473599-3484734
4_3476526_G/T,11136,4:3473599-3484734
4_87982632_G/A,1704,4:87981325-87983028
4_88131187_C/T,167,4:88131179-88131345
5_112801380_T/C,8954,5:112801346-112810299
5_112835076_G/C,33828,5:112828876-112862703
5_112835151_A/T,33828,5:112828876-112862703
5_112835160_C/T,33828,5:112828876-112862703
5_112837644_T/C,33828,5:112828876-112862703
5_126595043_C/T,432,5:126594887-126595318
5_14397045_G/A,3172,5:14394055-14397226
5_147828117_G/A,337,5:147827917-147828253
5_148088599_A/G,152,5:148088491-148088642
5_150378913_C/G,1061,5:150378662-150379722
5_150389924_C/T,3932,5:150387765-150391696
5_150391600_C/T,3932,5:150387765-150391696
5_150393422_G/A,423,5:150393230-150393652
5_177607326_C/T,579,5:177607196-177607774
5_179616202_G/A,338,5:179616031-179616368
5_180630234_C/T,261,5:180629987-180630247
5_37049166_G/A,701,5:37048492-37049192
5_42718103_C/T,1479,5:42718070-42719548
5_73909873_G/A,2037,5:73909615-73911651
5_74718312_C/T,160,5:74718162-74718321
5_75596979_A/G,1078,5:75596185-75597262
5_88804604_G/A,19480,5:88804602-88824081
6_157198898_A/T,2790,6:157198691-157201480
6_157203987_T/C,359,6:157203766-157204124
6_166931101_A/G,1556,6:166929551-166931106
6_42051482_C/T,457,6:42051091-42051547
6_44306521_A/G,574,6:44306352-44306925
6_45491942_G/A,245,6:45491795-45492039
6_49457700_A/G,1822,6:49457694-49459515
7_105062260_C/T,1163,7:105062232-105063394
7_105062263_T/A,1163,7:105062232-105063394
7_107661797_G/A,475,7:107661339-107661813
7_117627647_G/A,179,7:117627612-117627790
7_117666949_G/A,426,7:117666898-117667323
7_150957297_G/A,105,7:150957261-150957365
7_157005763_C/T,13464,7:156994170-157007633
7_2540985_G/A,490,7:2540647-2541136
7_2540994_G/A,490,7:2540647-2541136
7_44078791_C/T,1091,7:44078543-44079633
7_96321945_G/A,317,7:96321858-96322174
7_99391229_C/T,5238,7:99389992-99395229
8_10608938_A/G,981,8:10608725-10609705
8_10612481_G/A,1018,8:10612002-10613019
8_144514448_C/T,1711,8:144513689-144515399
8_22163525_T/A,250,8:22163368-22163617
8_37753517_C/T,4330,8:37750118-37754447
8_38424524_A/G,92,8:38424504-38424595
8_42839318_A/G,3387,8:42839186-42842572
8_60781008_G/A,121805,8:60679748-60801552
10_100989687_C/T,8476,10:100981409-100989884
10_43114541_C/T,99,10:43114456-43114554
10_53822485_A/T,128,10:53822420-53822547
10_71707048_A/C,202,10:71707013-71707214
10_71732375_G/A,247,10:71732133-71732379
10_75022006_G/A,4139,10:75021218-75025356
10_79306286_C/T,429,10:79305988-79306416
10_89225167_C/T,199,10:89225146-89225344
11_108365138_T/C,646,11:108364999-108365644
11_119100766_C/G,1691,11:119100657-119102347
11_121128344_G/A,1780,11:121127869-121129648
11_32435343_C/A,281,11:32435110-32435390
11_5226931_T/G,180,11:5226905-5227084
11_5226932_G/A,180,11:5226905-5227084
11_65526207_C/T,291,11:65526018-65526308
11_67487155_G/T,6469,11:67483000-67489468
11_68047712_C/A,181,11:68047700-68047880
11_77162144_C/T,151,11:77162095-77162245
11_77181589_G/A,2565,11:77179923-77182487
12_101761671_T/C,3695,12:101761610-101765304
12_102894892_A/G,172,12:102894882-102895053
12_32796114_G/A,359,12:32796013-32796371
12_47983716_G/A,1235,12:47982516-47983750
12_47986396_G/A,1796,12:47985071-47986866
12_49022049_T/A,4071,12:49020738-49024808
12_49028828_C/T,2669,12:49026184-49028852
12_49041917_C/T,2174,12:49040213-49042386
12_88087780_C/T,4733,12:88083061-88087793
12_88089032_C/T,1563,12:88087872-88089434
12_88140956_C/T,1727,12:88139515-88141241
12_89523356_G/A,17720,12:89522634-89540353
13_110493281_A/G,17389,13:110489324-110506712
13_113118759_G/A,451,13:113118424-113118874
13_32336992_T/G,652,13:32336800-32337451
13_32376791_G/A,3920,13:32375403-32379322
13_32379913_G/A,205,13:32379815-32380019
13_32379913_G/T,205,13:32379815-32380019
13_48373483_C/T,3527,13:48373454-48376980
14_102044393_C/T,4627,14:102043959-102048585
14_58448363_C/T,4246,14:58444167-58448412
14_77279824_T/C,243,14:77279602-77279844
14_87992970_C/G,245,14:87992930-87993174
14_88385836_A/G,219,14:88385661-88385879
14_92096773_A/G,9904,14:92096708-92106611
15_42401810_G/A,648,15:42401737-42402384
15_42410620_C/G,410,15:42410484-42410893
15_63634733_C/T,874,15:63633890-63634763
15_92929038_C/T,47979,15:92901162-92949140
16_1507051_G/A,5041,16:1506481-1511521
16_172981_C/T,308,16:172957-173264
16_18788063_C/T,6669,16:18787961-18794629
16_2060813_G/A,696,16:2060786-2061481
16_2085322_G/A,3902,16:2082434-2086335
16_2115378_C/A,414,16:2115321-2115734
16_2288147_G/A,102,16:2288054-2288155
16_23623130_C/T,85,16:23623057-23623141
16_23629231_G/A,4031,16:23626382-23630412
16_23641110_C/T,193,16:23641108-23641300
16_23641140_C/A,193,16:23641108-23641300
16_28894607_G/A,410,16:28894278-28894687
16_30966386_G/A,17298,16:30963538-30980835
16_5083757_G/A,106,16:5083733-5083838
16_68737463_G/A,370,16:68737144-68737513
16_68828205_G/C,153,16:68828105-68828257
16_75556177_G/T,636,16:75556125-75556760
16_88646197_C/A,482,16:88646010-88646491
16_88719580_T/G,2367,16:88719236-88721602
16_89694788_G/A,1739,16:89694612-89696350
17_31229324_G/A,544,17:31228918-31229461
17_3656795_G/A,6737,17:3654677-3661413
17_41769418_C/T,13177,17:41758308-41771484
17_42911000_G/T,142,17:42910978-42911119
17_43047686_C/T,3751,17:43045400-43049150
17_43067609_T/A,248,17:43067479-43067726
17_44349551_G/A,3572,17:44346156-44349727
17_44351795_G/A,1912,17:44351161-44353072
17_44879556_C/A,3640,17:44876069-44879708
17_4900855_G/A,794,17:4900338-4901131
17_50190378_T/C,230,17:50190332-50190561
17_50199556_C/T,464,17:50199254-50199717
17_7222276_G/A,2104,17:7221412-7223515
17_7223875_G/A,1718,17:7223604-7225321
17_7224212_C/T,1718,17:7223604-7225321
17_75517072_G/C,708,17:75516531-75517238
17_75522251_G/A,3816,17:75519046-75522861
17_75727505_G/A,747,17:75727065-75727811
17_75736386_G/A,399,17:75736209-75736607
17_75762882_G/T,455,17:75762817-75763271
17_80105132_G/A,4900,17:80102722-80107621
17_80105132_G/T,4900,17:80102722-80107621
17_80110055_G/A,2480,17:80108290-80110769
17_80113027_G/A,306,17:80112996-80113301
17_80213823_G/A,856,17:80213592-80214447
17_82929500_G/A,82,17:82929425-82929506
18_57571536_G/A,169,18:57571493-57571661
18_70109687_T/C,154,18:70109603-70109756
19_11102770_A/G,2307,19:11100567-11102873
19_11102770_A/T,2307,19:11100567-11102873
19_11105434_C/T,6543,19:11104221-11110763
19_11105572_C/T,6543,19:11104221-11110763
19_11113679_G/A,2161,19:11111579-11113739
19_1220505_G/A,31642,19:1189620-1221261
19_1223105_G/A,2100,19:1221664-1223763
19_1226608_C/T,461,19:1226306-1226766
19_12806742_G/A,94335,19:12778406-12872740
19_12806748_C/T,94335,19:12778406-12872740
19_12891521_G/A,1005,19:12891160-12892164
19_17516280_G/A,8179,19:17513206-17521384
19_18075806_G/A,4091,19:18072211-18076301
19_36083212_G/A,3569,19:36083153-36086721
19_38916037_C/T,1044,19:38915242-38916285
19_41410816_C/T,448,19:41410533-41410980
19_42287667_C/T,3292,19:42286636-42289927
19_49865127_C/T,1347,19:49864215-49865561
19_5039982_C/T,1310,19:5039845-5041154
19_54122591_C/A,12957,19:54118772-54131728
19_54124590_G/A,12957,19:54118772-54131728
19_54128377_G/A,12957,19:54118772-54131728
19_7533651_A/T,2657,19:7533560-7536216
1_11793907_C/T,104,1:11793841-11793944
1_11794385_C/T,121,1:11794340-11794460
1_11960765_C/T,6797,1:11957881-11964677
1_150511627_G/A,1133,1:150511390-150512522
1_150558649_G/A,1831,1:150557612-150559442
1_156134975_G/A,5531,1:156129865-156135395
1_156135918_G/A,777,1:156135755-156136531
1_156136110_C/A,777,1:156135755-156136531
1_156136110_C/T,777,1:156135755-156136531
1_156137728_G/C,399,1:156137534-156137932
1_156138613_C/T,870,1:156138361-156139230
1_156138703_G/T,870,1:156138361-156139230
1_156138757_G/A,870,1:156138361-156139230
1_19239824_G/A,30413,1:19210034-19240446
1_209617410_C/T,3900,1:209614889-209618788
1_209790634_G/A,262,1:209790524-209790785
1_22129734_G/A,14380,1:22129440-22143819
1_228175028_A/G,1353,1:228174604-228175956
1_231241456_G/C,2737,1:231238766-231241502
1_26892473_G/A,2448,1:26890487-26892934
1_40314352_C/T,1217,1:40314210-40315426
1_45331809_C/T,669,1:45331286-45331954
1_45332574_C/T,499,1:45332482-45332980
1_68448625_T/C,407,1:68448379-68448785
1_9262273_G/A,30880,1:9234774-9265653
20_33757324_T/G,1474,20:33757280-33758753
20_4699979_A/G,492,20:4699969-4700460
20_58891834_C/A,4154,20:58891039-58895192
20_63414102_G/A,741,20:63413385-63414125
21_33582179_G/A,388,21:33581971-33582358
21_43774658_C/T,331,21:43774571-43774901
21_43776204_C/T,368,21:43776080-43776447
21_46116677_G/A,11712,21:46113860-46125571
21_46277528_T/C,5016,21:46272606-46277621
22_19494594_G/A,12114,22:19483895-19496008
22_20989682_G/A,809,22:20989647-20990455
22_24495496_C/T,4950,22:24495205-24500154
22_38132958_C/A,151,22:38132947-38133097
22_39381875_C/T,3695,22:39378366-39382060
22_40358999_C/A,4961,22:40354320-40359280
22_50526002_A/T,11702,22:50520829-50532530
22_50625589_G/A,1796,22:50623838-50625633
2_151682662_C/T,2742,2:151680006-151682747
2_189001450_G/A,462,2:189001217-189001678
2_189010890_G/A,169,2:189010837-189011005
2_189079978_C/T,7952,2:189072052-189080003
2_1917244_G/A,25875,2:1917239-1943113
2_224503793_C/T,170,2:224503780-224503949
2_224503808_T/C,170,2:224503780-224503949
2_27312494_C/T,475,2:27312408-27312882
2_27449562_C/T,151,2:27449512-27449662
2_3478933_G/A,6184,2:3478891-3485074
2_47480871_G/A,31733,2:47480587-47512319
2_58160108_C/T,20298,2:58139831-58160128
2_69071786_A/G,1316,2:69071762-69073077
2_98396781_G/A,1086,2:98396305-98397390
3_10142069_C/A,8899,3:10141715-10150613
3_10146587_A/G,8899,3:10141715-10150613
3_10146635_A/C,8899,3:10141715-10150613
3_10149804_C/A,8899,3:10141715-10150613
3_120682097_C/T,6558,3:120675805-120682362
3_128481939_G/A,1821,3:128480136-128481956
3_128483896_C/T,4637,3:128483769-128488405
3_128485949_G/A,4637,3:128483769-128488405
3_15642057_G/A,3827,3:15641980-15645806
3_184248776_G/A,798,3:184248751-184249548
3_30688511_G/A,3790,3:30688079-30691868
3_38603712_C/T,5878,3:38598932-38604809
3_41234297_G/C,1662,3:41234149-41235810
3_48565637_T/C,3251,3:48564072-48567322
3_48570134_C/T,3849,3:48567345-48571193
3_48570639_C/T,3849,3:48567345-48571193
3_48572127_C/T,4800,3:48571939-48576738
3_48572133_G/A,4800,3:48571939-48576738
3_48572671_C/T,4800,3:48571939-48576738
3_48575867_C/T,4800,3:48571939-48576738
3_48576249_C/T,4800,3:48571939-48576738
3_48576400_C/T,4800,3:48571939-48576738
3_48578354_G/A,8184,3:48576889-48585072
3_48578453_C/T,8184,3:48576889-48585072
3_48580031_C/T,8184,3:48576889-48585072
3_48580897_G/A,8184,3:48576889-48585072
3_48584910_C/T,8184,3:48576889-48585072
3_48586227_C/T,732,3:48585731-48586462
3_52407958_C/T,728,3:52407278-52408005
3_58134772_G/A,5782,3:58132683-58138464
3_70977721_T/A,23349,3:70977647-71000995
4_1003470_G/A,283,4:1003274-1003556
4_186588985_C/T,2005,4:186588396-186590400
4_3476523_C/T,11136,4:3473599-3484734
4_87981501_C/T,1704,4:87981325-87983028
4_88131061_C/T,9355,4:88121758-88131112
5_112801383_G/A,8954,5:112801346-112810299
5_112835076_G/T,33828,5:112828876-112862703
5_112835163_C/T,33828,5:112828876-112862703
5_112835164_A/C,33828,5:112828876-112862703
5_112837646_G/A,33828,5:112828876-112862703
5_150379042_G/A,1061,5:150378662-150379722
5_150389996_C/T,3932,5:150387765-150391696
5_150393383_A/C,423,5:150393230-150393652
5_37017162_G/A,2240,5:37017146-37019385
5_37049166_G/T,701,5:37048492-37049192
5_42718121_G/A,1479,5:42718070-42719548
5_73909897_G/A,2037,5:73909615-73911651
6_157198907_G/A,2790,6:157198691-157201480
6_157203996_G/A,359,6:157203766-157204124
6_166931044_C/T,1556,6:166929551-166931106
6_44306494_C/T,574,6:44306352-44306925
6_45491993_C/T,245,6:45491795-45492039
7_105062278_G/A,1163,7:105062232-105063394
7_105062278_G/T,1163,7:105062232-105063394
7_107661803_C/T,475,7:107661339-107661813
7_113878248_C/T,1672,7:113878165-113879836
7_117627647_G/T,179,7:117627612-117627790
7_117666946_C/T,426,7:117666898-117667323
7_129209347_C/T,135,7:129209347-129209481
7_2540979_C/G,490,7:2540647-2541136
7_2540979_C/T,490,7:2540647-2541136
7_96321942_C/T,317,7:96321858-96322174
8_10608944_C/G,981,8:10608725-10609705
8_10612319_C/A,1018,8:10612002-10613019
8_22163546_G/A,250,8:22163368-22163617
8_37753529_G/A,4330,8:37750118-37754447
8_38424509_C/T,92,8:38424504-38424595
8_42839186_C/T,3387,8:42839186-42842572
8_60781011_G/A,121805,8:60679748-60801552
8_93804827_G/C,109,8:93804756-93804864
9_127678526_C/T,340,9:127678285-127678624
9_127678532_G/A,340,9:127678285-127678624
9_127818719_C/A,1457,9:127817798-127819254
9_127819622_C/A,784,9:127819357-127820140
9_127819622_C/T,784,9:127819357-127820140
9_127819624_G/T,784,9:127819357-127820140
9_127819631_T/C,784,9:127819357-127820140
9_127819634_T/C,784,9:127819357-127820140
9_127824324_G/A,655,9:127824257-127824911
9_127829690_G/C,25198,9:127829591-127854788
9_127829693_C/T,25198,9:127829591-127854788
9_127843094_C/T,25198,9:127829591-127854788
9_127843115_G/A,25198,9:127829591-127854788
9_134732115_G/A,4957,9:134727233-134732189
9_134732127_G/A,4957,9:134727233-134732189
9_134815611_C/T,13495,9:134809038-134822532
9_134815614_A/C,13495,9:134809038-134822532
9_134815629_G/T,13495,9:134809038-134822532
9_136370327_C/T,3831,9:136367531-136371361
9_137817496_G/A,111,9:137817401-137817511
9_137817511_C/T,111,9:137817401-137817511
9_21971188_G/A,895,9:21970463-21971357
9_34649041_C/T,7362,9:34648296-34655657
9_34649062_C/G,7362,9:34648296-34655657
9_34649516_T/G,7362,9:34648296-34655657
9_34649519_C/G,7362,9:34648296-34655657
9_34649519_C/T,7362,9:34648296-34655657
9_34649522_C/T,7362,9:34648296-34655657
9_69248218_C/T,466,9:69247866-69248331
9_69248224_G/A,466,9:69247866-69248331
X_101360123_A/G,1915,X:101358654-101360568
X_120446305_C/T,3734,X:120442612-120446345
X_120446314_G/A,3734,X:120442612-120446345
X_149486983_G/T,4634,X:149482586-149487219
X_149487013_A/T,4634,X:149482586-149487219
X_149487016_A/G,4634,X:149482586-149487219
X_152865941_C/T,3569,X:152865865-152869433
X_152865953_C/T,3569,X:152865865-152869433
X_153736245_G/A,25092,X:153735404-153760495
X_153736254_G/A,25092,X:153735404-153760495
X_153870123_G/A,2669,X:153869603-153872271
X_153870138_G/T,2669,X:153869603-153872271
X_153870835_T/G,2669,X:153869603-153872271
X_153870839_G/A,2669,X:153869603-153872271
X_153871127_C/A,2669,X:153869603-153872271
X_153871130_T/C,2669,X:153869603-153872271
X_153905770_G/A,26666,X:153884458-153911123
X_153905782_A/G,26666,X:153884458-153911123
X_154032224_A/G,3638,X:154029890-154033527
X_154032230_C/A,3638,X:154029890-154033527
X_154097618_G/A,210,X:154097478-154097687
X_154097621_T/G,210,X:154097478-154097687
X_154354825_C/T,23135,X:154351545-154374679
X_154354834_G/A,23135,X:154351545-154374679
X_154354837_G/A,23135,X:154351545-154374679
X_154354840_G/A,23135,X:154351545-154374679
X_154354888_G/A,23135,X:154351545-154374679
X_154354891_C/T,23135,X:154351545-154374679
X_154362267_G/A,23135,X:154351545-154374679
X_154362273_C/T,23135,X:154351545-154374679
X_154364616_G/A,23135,X:154351545-154374679
X_154364625_G/A,23135,X:154351545-154374679
X_154366562_C/T,23135,X:154351545-154374679
X_154366574_C/A,23135,X:154351545-154374679
X_154534349_G/A,1162,X:154534344-154535505
X_154534349_G/C,1162,X:154534344-154535505
X_154535991_G/C,12031,X:154535911-154547941
X_154560494_G/A,248,X:154560259-154560506
X_154928573_G/A,22511,X:154906465-154928975
X_154928579_T/C,22511,X:154906465-154928975
X_154931573_C/T,571,X:154931060-154931630
X_18604022_C/T,5495,X:18603977-18609471
X_18604023_C/T,5495,X:18603977-18609471
X_19353107_G/A,162,X:19352960-19353121
X_19355477_G/A,252,X:19355469-19355720
X_37782133_C/A,1240317,X:37425894-38666210
X_37782135_G/A,1240317,X:37425894-38666210
X_37783582_C/T,1240317,X:37425894-38666210
X_37783591_T/C,1240317,X:37425894-38666210
X_37783600_G/T,1240317,X:37425894-38666210
X_37793801_G/A,1240317,X:37425894-38666210
X_37793810_G/A,1240317,X:37425894-38666210
X_37801336_G/C,1240317,X:37425894-38666210
X_38403719_C/T,1240317,X:37425894-38666210
X_38403740_G/A,1240317,X:37425894-38666210
X_38408786_T/C,1240317,X:37425894-38666210
X_38409010_C/T,1240317,X:37425894-38666210
X_38409025_G/A,1240317,X:37425894-38666210
X_41534957_A/G,4009,X:41531056-41535064
X_41534960_T/C,4009,X:41531056-41535064
X_46837196_C/T,17211,X:46836891-46854101
X_46837202_G/A,17211,X:46836891-46854101
X_47241303_C/T,343,X:47241135-47241477
X_48684405_C/T,3366,X:48683715-48687080
X_48684423_G/A,3366,X:48683715-48687080
X_48686908_G/T,3366,X:48683715-48687080
X_48686911_G/A,3366,X:48683715-48687080
X_49075875_C/T,429,X:49075451-49075879
X_53235801_C/T,3093,X:53234423-53237515
X_53235810_G/A,3093,X:53234423-53237515
X_53409468_C/T,16401,X:53405577-53421977
X_63665907_G/A,7912,X:63658023-63665934
X_65529212_C/G,3217,X:65528328-65531544
X_65529221_C/T,3217,X:65528328-65531544
X_67723757_G/A,92,X:67723721-67723812
X_68829806_C/T,9950,X:68828920-68838869
X_68829848_C/T,9950,X:68828920-68838869
X_71297926_C/T,4097,X:71294032-71298128
X_71297938_G/A,4097,X:71294032-71298128
X_71397363_C/A,215,X:71397160-71397374
X_78117320_C/T,11530,X:78113604-78125133
X_78118168_C/T,11530,X:78113604-78125133
10_43114490_C/T,99,10:43114456-43114554
10_43114547_G/A,99,10:43114456-43114554
10_71362188_T/A,1445,10:71361912-71363356
10_71819031_C/T,2777,10:71816347-71819123
11_108316023_T/C,1566,11:108315842-108317407
11_108365430_A/G,646,11:108364999-108365644
11_119085066_G/A,320,11:119084817-119085136
11_5226947_A/T,180,11:5226905-5227084
11_5226971_G/A,180,11:5226905-5227084
11_6618780_T/C,652,11:6618778-6619429
12_112453351_C/T,4287,12:112453079-112457365
12_14796807_C/T,2749,12:14796786-14799534
12_25245346_G/T,5770,12:25245248-25251017
12_57782858_G/A,11013,12:57772334-57783346
13_51958521_G/A,158,13:51958365-51958522
13_51974098_G/C,3475,13:51970681-51974155
14_39158402_C/T,4152,14:39154280-39158431
14_50937736_C/T,13689,14:50924065-50937753
14_94382686_G/A,2637,14:94380752-94383388
14_95535383_A/G,863,14:95534662-95535524
15_40621785_A/G,5085,15:40620604-40625688
15_92953573_G/A,202,15:92953441-92953642
15_98707851_T/C,171344,15:98649540-98820883
16_1524552_C/T,310,16:1524496-1524805
16_1592469_G/A,151,16:1592468-1592618
16_16154873_C/T,210,16:16154788-16154997
16_2084371_C/T,3902,16:2082434-2086335
16_2090285_C/T,1464,16:2089239-2090702
16_2090674_C/T,1464,16:2089239-2090702
16_2092492_G/T,1819,16:2091154-2092972
16_2092592_C/G,1819,16:2091154-2092972
16_2118314_C/T,1116,16:2117271-2118386
16_3243195_C/A,1165,16:3242698-3243862
16_3658865_C/T,14383,16:3651084-3665466
16_57915297_A/G,3169,16:57912981-57916149
16_70255728_C/T,6659,16:70254644-70261302
17_47292309_C/T,7272,17:47292125-47299396
17_5000848_G/A,3450,17:4997936-5001385
17_61849129_C/T,40715,17:61808436-61849150
17_7221612_C/A,2104,17:7221412-7223515
17_7222865_G/A,2104,17:7221412-7223515
17_7224491_T/C,1718,17:7223604-7225321
17_75522332_A/G,3816,17:75519046-75522861
17_7675994_C/A,528,17:7675851-7676378
17_7675994_C/G,528,17:7675851-7676378
17_80105096_C/T,4900,17:80102722-80107621
17_80105893_C/T,4900,17:80102722-80107621
17_80107722_G/A,169,17:80107700-80107868
18_31079989_C/T,5561,18:31074817-31080377
18_57694582_C/T,98621,18:57641960-57740580
18_59338826_T/C,9108,18:59338564-59347671
18_59347513_C/T,9108,18:59338564-59347671
18_63335257_C/T,3873,18:63331448-63335320
19_11110683_C/G,6543,19:11104221-11110763
19_11113307_C/A,2161,19:11111579-11113739
19_11120521_A/G,7445,19:11120165-11127609
19_45352542_G/A,2346,19:45350230-45352575
19_54143186_G/A,1098,19:54142784-54143881
19_855764_C/G,5622,19:850657-856278
19_855767_G/A,5622,19:850657-856278
1_113911399_C/T,2691,1:113910996-113913686
1_156130731_G/A,5531,1:156129865-156135395
1_156135312_G/A,5531,1:156129865-156135395
1_156136095_C/T,777,1:156135755-156136531
1_156138610_G/A,870,1:156138361-156139230
1_19223396_C/T,30413,1:19210034-19240446
1_198694061_A/T,199,1:198694007-198694205
1_21864100_C/T,8178,1:21857162-21865339
1_40314352_C/G,1217,1:40314210-40315426
1_75749499_A/G,3882,1:75745666-75749547
1_92074764_C/T,501,1:92074461-92074961
1_94008235_C/T,148,1:94008194-94008341
20_44624202_C/T,3525,20:44622899-44626423
21_46114073_G/A,11712,21:46113860-46125571
22_17203563_C/T,430,22:17203196-17203625
22_18078604_C/T,2331,22:18077784-18080114
22_28734485_T/C,297,22:28734467-28734763
22_50627166_C/T,263,22:50626954-50627216
2_11767858_G/A,3790,2:11767835-11771624
2_1540723_G/A,23902,2:1516964-1540865
2_178542265_G/A,797,2:178542158-178542954
2_178578612_T/C,6458,2:178576191-178582648
2_19914054_C/T,386,2:19914045-19914430
2_222295529_T/C,1528,2:222294043-222295570
2_237361739_C/T,135,2:237361649-237361783
2_38074618_A/C,38988,2:38070685-38109672
3_10146515_T/C,8899,3:10141715-10150613
3_10146635_A/T,8899,3:10141715-10150613
3_193645624_A/G,1528,3:193645602-193647129
3_47017638_C/T,21089,3:47016752-47037840
3_48572725_C/G,4800,3:48571939-48576738
3_48574262_C/A,4800,3:48571939-48576738
3_48580300_C/T,8184,3:48576889-48585072
3_69964897_G/A,6306,3:69959299-69965604
3_9943499_G/T,645,3:9942888-9943532
4_3463423_C/T,10151,4:3463281-3473431
4_3476424_C/T,11136,4:3473599-3484734
4_79983878_C/T,5871,4:79978048-79983918
5_126595040_G/A,432,5:126594887-126595318
5_147828114_A/G,337,5:147827917-147828253
5_148088605_G/A,152,5:148088491-148088642
5_150390023_G/A,3932,5:150387765-150391696
5_177607329_G/A,579,5:177607196-177607774
5_180630225_C/T,261,5:180629987-180630247
5_64785579_G/A,18945,5:64785573-64804517
5_69545084_C/T,3021,5:69544973-69547993
5_75596385_G/A,1078,5:75596185-75597262
6_42057513_G/A,1269,6:42056317-42057585
7_150957291_C/T,105,7:150957261-150957365
7_157005856_C/T,13464,7:156994170-157007633
7_99391253_G/A,5238,7:99389992-99395229
8_144514442_C/T,1711,8:144513689-144515399
9_127818716_C/T,1457,9:127817798-127819254
9_127819622_C/G,784,9:127819357-127820140
9_127824304_C/G,655,9:127824257-127824911
9_134815629_G/A,13495,9:134809038-134822532
9_136370294_C/T,3831,9:136367531-136371361
9_21971194_G/A,895,9:21970463-21971357
X_101360150_C/T,1915,X:101358654-101360568
X_149486983_G/A,4634,X:149482586-149487219
X_154535985_G/A,12031,X:154535911-154547941
X_154560485_G/A,248,X:154560259-154560506
X_19353110_A/G,162,X:19352960-19353121
X_19355483_C/T,252,X:19355469-19355720
X_37783600_G/A,1240317,X:37425894-38666210
X_37801348_G/A,1240317,X:37425894-38666210
X_38408795_G/A,1240317,X:37425894-38666210
X_49075866_C/G,429,X:49075451-49075879
X_53409423_G/A,16401,X:53405577-53421977
X_63665886_C/T,7912,X:63658023-63665934
X_67723745_C/T,92,X:67723721-67723812
X_71398599_A/G,4238,X:71397424-71401661
